TransactionID,UserID,Amount,Timestamp,Merchant,Location,Type,FraudLabel
T0001,U001,44124.17,2025-08-15 05:26:26.999754,Uber,Delhi,ATM,1
T0002,U003,10885.31,2025-08-23 19:52:26.999754,Myntra,Mumbai,In-Store,0
T0003,U001,15923.68,2025-08-16 17:33:26.999754,Uber,Delhi,In-Store,0
T0004,U005,20714.95,2025-08-14 17:53:26.999754,Paytm,Mumbai,In-Store,0
T0005,U002,49147.92,2025-08-07 09:54:26.999754,Swiggy,New York,Online,1
T0006,U004,37871.85,2025-08-05 00:45:26.999754,Zomato,Indore,Online,0
T0007,U003,34243.45,2025-08-24 15:50:26.999754,Zomato,London,UPI,1
T0008,U001,46243.53,2025-08-26 21:15:26.999754,Myntra,Bangalore,ATM,1
T0009,U004,28435.65,2025-08-16 07:59:26.999754,Uber,Delhi,ATM,0
T0010,U002,9187.84,2025-08-18 23:45:26.999754,Amazon,Bangalore,Online,0
T0011,U004,46171.38,2025-08-15 16:24:26.999754,Swiggy,Mumbai,In-Store,1
T0012,U005,42641.32,2025-08-18 20:40:26.999754,Amazon,New York,In-Store,1
T0013,U003,17053.21,2025-08-07 20:34:26.999754,Flipkart,Bangalore,UPI,0
T0014,U005,7004.54,2025-08-06 09:06:26.999754,Uber,Indore,UPI,0
T0015,U002,30492.38,2025-08-23 00:38:26.999754,Zomato,Bangalore,Online,0
T0016,U001,30223.23,2025-07-30 23:52:26.999754,Myntra,Delhi,ATM,0
T0017,U003,2570.58,2025-07-31 07:57:26.999754,Ola,Indore,UPI,0
T0018,U002,21917.08,2025-08-24 09:25:26.999754,Flipkart,Mumbai,In-Store,0
T0019,U003,17633.91,2025-08-25 05:34:26.999754,Flipkart,Bangalore,UPI,0
T0020,U003,34999.12,2025-08-26 18:28:26.999754,Uber,Delhi,UPI,0
T0021,U005,33578.99,2025-08-13 11:42:26.999754,Uber,London,UPI,1
T0022,U003,39544.05,2025-08-18 16:11:26.999754,Swiggy,Mumbai,ATM,0
T0023,U003,47974.54,2025-08-12 00:03:26.999754,Ola,New York,ATM,1
T0024,U004,31346.58,2025-08-16 12:44:26.999754,Myntra,Indore,In-Store,0
T0025,U003,33616.88,2025-08-14 11:34:26.999754,Ola,Indore,Online,0
T0026,U001,15892.03,2025-08-08 15:54:26.999754,Uber,Indore,In-Store,0
T0027,U005,4260.0,2025-08-06 18:03:26.999754,Myntra,Mumbai,UPI,0
T0028,U003,18251.85,2025-08-18 15:19:26.999754,Swiggy,Mumbai,ATM,0
T0029,U004,23301.52,2025-08-13 11:14:26.999754,Paytm,London,Online,1
T0030,U003,942.82,2025-08-04 03:09:26.999754,Uber,Indore,Online,0
T0031,U001,39271.05,2025-08-28 18:21:26.999754,Zomato,Mumbai,In-Store,0
T0032,U005,13933.18,2025-08-20 19:36:26.999754,Myntra,New York,Online,1
T0033,U005,21804.4,2025-08-03 09:51:26.999754,Ola,Delhi,ATM,0
T0034,U004,25274.49,2025-08-01 09:17:26.999754,Uber,Delhi,In-Store,0
T0035,U004,38567.77,2025-08-11 00:54:26.999754,Swiggy,Delhi,Online,0
T0036,U001,216.05,2025-08-27 02:32:26.999754,Ola,New York,UPI,1
T0037,U001,41236.47,2025-08-23 02:16:26.999754,Swiggy,London,In-Store,1
T0038,U005,44311.14,2025-08-27 05:15:26.999754,Ola,London,Online,1
T0039,U005,31518.71,2025-07-30 15:39:26.999754,Uber,Mumbai,In-Store,0
T0040,U004,29193.94,2025-08-21 15:44:26.999754,Myntra,Mumbai,Online,0
T0041,U005,1117.74,2025-08-17 21:03:26.999754,Myntra,Bangalore,ATM,0
T0042,U001,41087.4,2025-08-07 10:52:26.999754,Myntra,Mumbai,Online,1
T0043,U003,33281.69,2025-07-30 22:44:26.999754,Swiggy,London,Online,1
T0044,U002,37931.58,2025-08-24 00:45:26.999754,Flipkart,London,UPI,1
T0045,U003,27881.9,2025-08-11 11:57:26.999754,Ola,Mumbai,ATM,0
T0046,U001,11517.6,2025-08-05 20:28:26.999754,Amazon,Mumbai,Online,0
T0047,U005,30167.67,2025-08-01 19:31:26.999754,Myntra,Mumbai,UPI,0
T0048,U005,8521.89,2025-07-31 01:16:26.999754,Uber,Bangalore,Online,0
T0049,U002,45605.35,2025-08-11 20:06:26.999754,Amazon,Mumbai,In-Store,1
T0050,U003,37897.63,2025-08-27 18:33:26.999754,Uber,London,In-Store,1
T0051,U005,38561.88,2025-08-18 19:12:26.999754,Zomato,London,In-Store,1
T0052,U004,20250.48,2025-08-21 18:42:26.999754,Swiggy,London,ATM,1
T0053,U003,36094.36,2025-08-02 05:46:26.999754,Uber,London,ATM,1
T0054,U002,48065.26,2025-08-23 13:50:26.999754,Paytm,Bangalore,ATM,1
T0055,U002,22424.16,2025-08-14 12:00:26.999754,Uber,Indore,ATM,0
T0056,U003,15770.34,2025-08-09 23:28:26.999754,Swiggy,Bangalore,UPI,0
T0057,U001,30954.09,2025-07-31 02:40:26.999754,Flipkart,Indore,In-Store,0
T0058,U004,2890.65,2025-08-11 08:40:26.999754,Uber,London,Online,1
T0059,U001,11399.19,2025-08-05 14:02:26.999754,Amazon,Delhi,Online,0
T0060,U005,39539.69,2025-08-16 06:06:26.999754,Myntra,Bangalore,In-Store,0
T0061,U003,43666.64,2025-08-08 23:53:26.999754,Paytm,London,ATM,1
T0062,U002,12250.68,2025-08-09 03:35:26.999754,Myntra,Mumbai,In-Store,0
T0063,U004,31428.7,2025-08-21 10:37:26.999754,Uber,New York,Online,1
T0064,U005,3474.67,2025-08-16 13:53:26.999754,Paytm,New York,Online,1
T0065,U003,49882.84,2025-08-25 17:21:26.999754,Paytm,Bangalore,UPI,1
T0066,U002,42028.12,2025-08-24 10:37:26.999754,Uber,Bangalore,ATM,1
T0067,U001,28900.63,2025-08-23 02:24:26.999754,Uber,Mumbai,Online,0
T0068,U001,40332.84,2025-08-21 23:54:26.999754,Amazon,Mumbai,Online,1
T0069,U002,19204.13,2025-08-07 17:51:26.999754,Zomato,Delhi,In-Store,0
T0070,U001,16275.17,2025-08-19 06:00:26.999754,Amazon,Delhi,ATM,0
T0071,U003,20625.38,2025-07-31 20:37:26.999754,Zomato,Indore,UPI,0
T0072,U003,23652.99,2025-08-24 12:08:26.999754,Ola,Mumbai,In-Store,0
T0073,U002,22328.03,2025-08-20 10:11:26.999754,Amazon,Bangalore,UPI,0
T0074,U005,5734.62,2025-08-16 17:00:26.999754,Ola,New York,ATM,1
T0075,U001,332.42,2025-08-19 02:47:26.999754,Flipkart,Bangalore,In-Store,0
T0076,U001,32775.97,2025-08-07 06:24:26.999754,Zomato,Indore,In-Store,0
T0077,U005,22900.19,2025-08-07 08:32:26.999754,Swiggy,Delhi,ATM,0
T0078,U003,34125.73,2025-08-12 12:21:26.999754,Uber,Delhi,Online,0
T0079,U002,7173.05,2025-08-13 03:40:26.999754,Myntra,Bangalore,Online,0
T0080,U004,6057.91,2025-08-27 07:18:26.999754,Amazon,New York,ATM,1
T0081,U002,38804.56,2025-08-02 18:14:26.999754,Ola,Bangalore,In-Store,0
T0082,U005,35991.24,2025-08-09 17:00:26.999754,Flipkart,Bangalore,Online,0
T0083,U005,20718.61,2025-08-14 02:45:26.999754,Amazon,Indore,ATM,0
T0084,U004,30286.94,2025-08-18 22:00:26.999754,Amazon,Mumbai,ATM,0
T0085,U005,21548.53,2025-08-21 17:13:26.999754,Zomato,Bangalore,In-Store,0
T0086,U002,27605.0,2025-08-13 09:43:26.999754,Amazon,Indore,Online,0
T0087,U004,32155.52,2025-08-09 15:52:26.999754,Myntra,Mumbai,ATM,0
T0088,U002,47892.59,2025-08-05 10:06:26.999754,Paytm,Mumbai,UPI,1
T0089,U004,40250.98,2025-08-23 19:48:26.999754,Amazon,Mumbai,Online,1
T0090,U003,11088.26,2025-08-04 04:05:26.999754,Swiggy,Indore,ATM,0
T0091,U001,13384.3,2025-07-30 14:23:26.999754,Zomato,Mumbai,UPI,0
T0092,U001,8715.13,2025-08-15 13:32:26.999754,Amazon,London,Online,1
T0093,U002,9462.47,2025-08-12 08:13:26.999754,Swiggy,Indore,In-Store,0
T0094,U005,21417.57,2025-08-10 13:47:26.999754,Zomato,Delhi,Online,0
T0095,U001,23915.25,2025-08-25 16:20:26.999754,Ola,Delhi,Online,0
T0096,U005,14408.4,2025-08-16 19:21:26.999754,Swiggy,Bangalore,In-Store,0
T0097,U001,41886.26,2025-08-06 04:02:26.999754,Ola,Indore,ATM,1
T0098,U005,5682.5,2025-08-04 14:11:26.999754,Paytm,Bangalore,Online,0
T0099,U002,5159.86,2025-08-03 03:03:26.999754,Flipkart,Mumbai,UPI,0
T0100,U003,15801.25,2025-08-11 06:50:26.999754,Paytm,Indore,Online,0
T0101,U001,4628.16,2025-08-22 12:15:26.999754,Flipkart,Delhi,ATM,0
T0102,U001,37121.05,2025-08-26 10:58:26.999754,Flipkart,Delhi,In-Store,0
T0103,U003,43352.43,2025-08-02 17:26:26.999754,Myntra,London,Online,1
T0104,U001,27777.5,2025-08-02 19:04:26.999754,Uber,Mumbai,ATM,0
T0105,U001,38625.7,2025-08-09 01:15:26.999754,Paytm,Mumbai,UPI,0
T0106,U005,38497.66,2025-08-17 10:32:26.999754,Uber,Delhi,In-Store,0
T0107,U005,27009.79,2025-08-22 10:18:26.999754,Paytm,Indore,In-Store,0
T0108,U005,22375.5,2025-07-31 21:58:26.999754,Uber,London,ATM,1
T0109,U005,26416.7,2025-08-18 03:34:26.999754,Uber,New York,Online,1
T0110,U003,18125.32,2025-08-23 01:15:26.999754,Amazon,New York,Online,1
T0111,U003,19132.49,2025-08-10 20:23:26.999754,Paytm,New York,Online,1
T0112,U005,30484.76,2025-08-15 14:36:26.999754,Amazon,New York,UPI,1
T0113,U001,5896.65,2025-08-15 20:44:26.999754,Uber,Bangalore,Online,0
T0114,U003,9337.83,2025-08-23 08:08:26.999754,Myntra,New York,ATM,1
T0115,U003,21018.1,2025-08-25 15:05:26.999754,Amazon,Delhi,In-Store,0
T0116,U005,9162.61,2025-08-28 16:58:26.999754,Flipkart,Mumbai,In-Store,0
T0117,U004,26706.08,2025-08-10 04:25:26.999754,Flipkart,Indore,Online,0
T0118,U002,14243.87,2025-08-03 15:33:26.999754,Paytm,Mumbai,Online,0
T0119,U003,24060.95,2025-08-23 21:11:26.999754,Myntra,London,Online,1
T0120,U002,25846.41,2025-08-01 16:52:26.999754,Flipkart,Bangalore,Online,0
T0121,U003,25134.82,2025-08-28 13:31:26.999754,Paytm,New York,ATM,1
T0122,U004,42807.98,2025-08-24 02:27:26.999754,Ola,Delhi,In-Store,1
T0123,U004,30327.92,2025-08-16 07:30:26.999754,Myntra,London,Online,1
T0124,U004,44238.3,2025-08-01 14:32:26.999754,Flipkart,Bangalore,Online,1
T0125,U005,29186.37,2025-08-11 15:12:26.999754,Swiggy,New York,UPI,1
T0126,U003,36349.63,2025-08-27 19:04:26.999754,Uber,London,ATM,1
T0127,U004,15664.2,2025-07-31 21:59:26.999754,Flipkart,Mumbai,Online,0
T0128,U001,13295.77,2025-08-28 04:13:26.999754,Zomato,Indore,In-Store,0
T0129,U001,25954.46,2025-08-02 06:16:26.999754,Ola,Bangalore,UPI,0
T0130,U002,22029.96,2025-08-23 15:09:26.999754,Swiggy,Indore,UPI,0
T0131,U005,33974.48,2025-08-20 23:19:26.999754,Zomato,Indore,Online,0
T0132,U004,34447.14,2025-08-23 04:47:26.999754,Flipkart,Bangalore,In-Store,0
T0133,U004,2527.22,2025-08-07 02:35:26.999754,Amazon,Mumbai,UPI,0
T0134,U001,4766.76,2025-08-19 08:37:26.999754,Ola,Indore,UPI,0
T0135,U004,12481.03,2025-08-18 21:32:26.999754,Amazon,New York,Online,1
T0136,U002,3454.03,2025-07-30 15:19:26.999754,Flipkart,London,UPI,1
T0137,U001,46374.46,2025-08-21 23:29:26.999754,Paytm,Delhi,ATM,1
T0138,U001,24013.4,2025-08-25 08:18:26.999754,Paytm,New York,ATM,1
T0139,U004,20394.44,2025-08-27 06:46:26.999754,Paytm,Mumbai,UPI,0
T0140,U001,39978.9,2025-08-11 02:32:26.999754,Swiggy,Indore,In-Store,0
T0141,U001,33745.58,2025-08-18 07:39:26.999754,Swiggy,London,Online,1
T0142,U005,26083.3,2025-08-19 22:38:26.999754,Zomato,Indore,Online,0
T0143,U001,43279.65,2025-08-18 02:37:26.999754,Uber,London,In-Store,1
T0144,U001,25259.56,2025-08-11 01:38:26.999754,Amazon,Mumbai,ATM,0
T0145,U005,46453.05,2025-08-09 09:56:26.999754,Myntra,Indore,ATM,1
T0146,U003,27651.87,2025-08-01 04:41:26.999754,Uber,Delhi,ATM,0
T0147,U004,4915.48,2025-08-07 06:23:26.999754,Uber,London,Online,1
T0148,U005,35990.6,2025-08-20 09:09:26.999754,Amazon,Bangalore,ATM,0
T0149,U001,200.28,2025-08-20 05:19:26.999754,Zomato,Mumbai,Online,0
T0150,U003,34885.72,2025-07-30 02:04:26.999754,Swiggy,Indore,UPI,0
T0151,U003,39637.21,2025-08-28 16:49:26.999754,Zomato,Indore,UPI,0
T0152,U002,32190.32,2025-08-02 19:14:26.999754,Swiggy,Mumbai,Online,0
T0153,U002,26596.42,2025-08-05 01:46:26.999754,Paytm,Indore,Online,0
T0154,U004,41903.19,2025-08-12 17:17:26.999754,Uber,London,In-Store,1
T0155,U003,2775.25,2025-08-06 06:27:26.999754,Myntra,Indore,In-Store,0
T0156,U002,43689.41,2025-08-04 01:16:26.999754,Swiggy,New York,In-Store,1
T0157,U002,34385.6,2025-08-25 01:30:26.999754,Ola,Bangalore,UPI,0
T0158,U004,31451.31,2025-08-23 08:45:26.999754,Paytm,New York,ATM,1
T0159,U001,5767.83,2025-08-16 18:48:26.999754,Paytm,Bangalore,ATM,0
T0160,U004,36554.93,2025-08-14 19:06:26.999754,Uber,Delhi,ATM,0
T0161,U002,28631.33,2025-08-19 15:16:26.999754,Myntra,Delhi,ATM,0
T0162,U003,31550.34,2025-08-10 21:32:26.999754,Amazon,Indore,UPI,0
T0163,U003,23133.81,2025-07-31 15:21:26.999754,Uber,Delhi,Online,0
T0164,U001,28318.41,2025-07-31 15:55:26.999754,Ola,Mumbai,In-Store,0
T0165,U003,9266.38,2025-08-04 07:26:26.999754,Ola,Indore,UPI,0
T0166,U002,41453.83,2025-08-20 14:11:26.999754,Amazon,Bangalore,In-Store,1
T0167,U002,33473.59,2025-08-15 03:03:26.999754,Zomato,London,UPI,1
T0168,U004,3266.02,2025-08-16 09:09:26.999754,Zomato,Indore,Online,0
T0169,U003,36099.7,2025-08-22 03:16:26.999754,Uber,Mumbai,ATM,0
T0170,U001,14560.42,2025-08-27 18:53:26.999754,Amazon,London,In-Store,1
T0171,U001,43010.93,2025-08-15 05:43:26.999754,Amazon,Mumbai,UPI,1
T0172,U004,49984.36,2025-08-07 12:45:26.999754,Paytm,New York,In-Store,1
T0173,U005,28191.5,2025-08-16 15:44:26.999754,Paytm,Delhi,In-Store,0
T0174,U002,23651.39,2025-08-05 17:36:26.999754,Flipkart,Indore,ATM,0
T0175,U003,30196.31,2025-08-27 00:04:26.999754,Ola,Indore,Online,0
T0176,U001,33464.23,2025-08-24 02:51:26.999754,Ola,Delhi,Online,0
T0177,U002,15766.71,2025-08-19 16:00:26.999754,Amazon,Mumbai,UPI,0
T0178,U001,218.66,2025-08-08 01:11:26.999754,Swiggy,London,ATM,1
T0179,U004,4808.0,2025-08-19 05:09:26.999754,Ola,Indore,In-Store,0
T0180,U002,29723.49,2025-08-26 23:21:26.999754,Flipkart,London,UPI,1
T0181,U003,7303.34,2025-08-17 02:44:26.999754,Myntra,Indore,UPI,0
T0182,U004,33908.22,2025-08-18 06:16:26.999754,Uber,New York,In-Store,1
T0183,U001,7261.45,2025-08-07 22:48:26.999754,Ola,Delhi,ATM,0
T0184,U001,33528.8,2025-08-15 21:07:26.999754,Myntra,Mumbai,ATM,0
T0185,U004,798.84,2025-08-23 18:52:26.999754,Ola,Mumbai,UPI,0
T0186,U005,46524.07,2025-08-22 08:35:26.999754,Zomato,Delhi,In-Store,1
T0187,U005,39880.1,2025-08-05 21:20:26.999754,Zomato,Delhi,In-Store,0
T0188,U001,34633.49,2025-08-02 16:24:26.999754,Amazon,New York,ATM,1
T0189,U003,17447.22,2025-08-09 12:53:26.999754,Flipkart,London,Online,1
T0190,U003,46085.19,2025-07-30 03:40:26.999754,Myntra,New York,In-Store,1
T0191,U003,3268.23,2025-08-06 18:28:26.999754,Amazon,Bangalore,Online,0
T0192,U003,21197.05,2025-08-01 17:37:26.999754,Paytm,London,ATM,1
T0193,U003,48166.51,2025-08-22 13:10:26.999754,Flipkart,London,UPI,1
T0194,U003,24969.87,2025-08-23 13:07:26.999754,Paytm,Bangalore,UPI,0
T0195,U004,5366.42,2025-08-12 16:44:26.999754,Flipkart,London,UPI,1
T0196,U005,38010.86,2025-08-28 04:52:26.999754,Swiggy,New York,ATM,1
T0197,U002,33806.98,2025-08-04 05:20:26.999754,Zomato,Mumbai,UPI,0
T0198,U002,8597.55,2025-08-09 08:06:26.999754,Myntra,London,In-Store,1
T0199,U001,25588.23,2025-08-06 09:09:26.999754,Flipkart,Delhi,Online,0
T0200,U005,178.46,2025-08-21 20:16:26.999754,Flipkart,Indore,UPI,0
T0201,U005,35475.43,2025-08-07 09:38:26.999754,Myntra,New York,In-Store,1
T0202,U005,5275.3,2025-08-22 22:56:26.999754,Uber,Indore,In-Store,0
T0203,U002,34888.72,2025-08-14 14:54:26.999754,Amazon,Indore,Online,0
T0204,U004,4326.68,2025-08-09 19:32:26.999754,Ola,New York,In-Store,1
T0205,U003,2628.92,2025-08-04 23:23:26.999754,Amazon,Mumbai,ATM,0
T0206,U004,37941.89,2025-08-11 20:59:26.999754,Amazon,Mumbai,Online,0
T0207,U003,3170.05,2025-08-23 07:40:26.999754,Ola,Bangalore,In-Store,0
T0208,U004,26813.4,2025-08-24 00:27:26.999754,Paytm,London,Online,1
T0209,U001,46744.83,2025-08-27 19:54:26.999754,Swiggy,Bangalore,ATM,1
T0210,U001,12040.13,2025-08-03 05:51:26.999754,Paytm,London,Online,1
T0211,U002,40783.01,2025-08-25 16:15:26.999754,Amazon,Bangalore,Online,1
T0212,U003,18869.71,2025-08-09 00:11:26.999754,Myntra,Indore,ATM,0
T0213,U004,39216.49,2025-08-08 12:26:26.999754,Flipkart,Mumbai,Online,0
T0214,U004,42829.41,2025-08-14 19:29:26.999754,Myntra,Mumbai,In-Store,1
T0215,U004,10015.63,2025-08-26 17:46:26.999754,Myntra,Mumbai,In-Store,0
T0216,U002,3268.64,2025-08-26 16:03:26.999754,Zomato,New York,In-Store,1
T0217,U002,17918.06,2025-08-01 12:18:26.999754,Amazon,Mumbai,UPI,0
T0218,U005,26898.78,2025-08-15 07:28:26.999754,Uber,Delhi,In-Store,0
T0219,U004,6507.37,2025-08-08 09:11:26.999754,Paytm,New York,In-Store,1
T0220,U002,47127.64,2025-08-21 00:00:26.999754,Swiggy,London,UPI,1
T0221,U001,42194.53,2025-08-01 07:12:26.999754,Uber,Indore,Online,1
T0222,U003,38233.6,2025-08-13 03:39:26.999754,Uber,Delhi,In-Store,0
T0223,U005,9256.29,2025-08-28 23:34:26.999754,Ola,Bangalore,ATM,0
T0224,U004,30735.87,2025-08-02 21:51:26.999754,Paytm,London,Online,1
T0225,U001,13229.96,2025-08-22 10:03:26.999754,Swiggy,London,Online,1
T0226,U002,19140.87,2025-08-07 18:20:26.999754,Ola,Bangalore,ATM,0
T0227,U001,16717.45,2025-08-23 20:36:26.999754,Ola,Bangalore,Online,0
T0228,U003,43105.42,2025-07-30 20:19:26.999754,Paytm,Bangalore,Online,1
T0229,U004,34477.61,2025-08-13 20:25:26.999754,Flipkart,New York,Online,1
T0230,U003,39789.27,2025-08-14 17:51:26.999754,Swiggy,Bangalore,ATM,0
T0231,U001,476.93,2025-08-18 17:30:26.999754,Ola,Mumbai,Online,0
T0232,U004,39097.74,2025-08-23 09:43:26.999754,Swiggy,Mumbai,In-Store,0
T0233,U001,24685.07,2025-07-31 05:47:26.999754,Swiggy,Mumbai,In-Store,0
T0234,U001,38573.15,2025-07-31 21:44:26.999754,Ola,New York,ATM,1
T0235,U004,41443.34,2025-08-05 18:31:26.999754,Flipkart,Indore,In-Store,1
T0236,U003,30188.85,2025-08-13 02:09:26.999754,Flipkart,Indore,ATM,0
T0237,U005,34883.1,2025-08-13 10:51:26.999754,Uber,Indore,UPI,0
T0238,U001,19930.23,2025-08-22 15:13:26.999754,Ola,Bangalore,Online,0
T0239,U003,30938.87,2025-08-16 01:46:26.999754,Paytm,New York,ATM,1
T0240,U002,7456.42,2025-08-08 23:38:26.999754,Zomato,Bangalore,UPI,0
T0241,U002,29937.76,2025-07-31 10:22:26.999754,Amazon,New York,UPI,1
T0242,U004,18562.99,2025-08-24 19:31:26.999754,Flipkart,Bangalore,In-Store,0
T0243,U001,40961.8,2025-08-17 04:55:26.999754,Uber,Indore,ATM,1
T0244,U002,2918.35,2025-08-06 08:51:26.999754,Swiggy,New York,UPI,1
T0245,U005,44550.53,2025-08-27 06:59:26.999754,Amazon,Bangalore,UPI,1
T0246,U003,4441.42,2025-07-30 15:40:26.999754,Uber,Mumbai,ATM,0
T0247,U003,2322.83,2025-08-09 11:28:26.999754,Myntra,London,UPI,1
T0248,U004,35982.42,2025-08-21 19:58:26.999754,Paytm,London,UPI,1
T0249,U004,35377.45,2025-08-18 18:08:26.999754,Flipkart,Delhi,In-Store,0
T0250,U005,42258.46,2025-08-24 00:20:26.999754,Swiggy,New York,In-Store,1
T0251,U003,39441.14,2025-08-20 18:33:26.999754,Zomato,Mumbai,In-Store,0
T0252,U002,49259.75,2025-08-13 08:51:26.999754,Flipkart,Delhi,Online,1
T0253,U003,48670.71,2025-08-25 21:49:26.999754,Swiggy,Mumbai,UPI,1
T0254,U005,49710.92,2025-08-28 10:06:26.999754,Uber,Delhi,UPI,1
T0255,U002,26336.27,2025-08-04 22:59:26.999754,Ola,London,Online,1
T0256,U001,16281.53,2025-08-06 14:17:26.999754,Uber,Delhi,ATM,0
T0257,U001,33702.78,2025-08-25 16:25:26.999754,Swiggy,Mumbai,UPI,0
T0258,U003,16254.79,2025-08-09 01:46:26.999754,Zomato,Mumbai,UPI,0
T0259,U005,30937.36,2025-08-07 08:58:26.999754,Zomato,London,Online,1
T0260,U004,9061.77,2025-08-18 07:40:26.999754,Myntra,London,ATM,1
T0261,U004,8342.97,2025-08-25 17:03:26.999754,Paytm,Mumbai,In-Store,0
T0262,U005,18568.31,2025-08-19 21:20:26.999754,Zomato,London,UPI,1
T0263,U001,40166.19,2025-08-26 11:00:26.999754,Ola,Mumbai,ATM,1
T0264,U002,8307.49,2025-08-12 03:20:26.999754,Myntra,London,In-Store,1
T0265,U005,39170.01,2025-08-22 11:05:26.999754,Swiggy,Mumbai,UPI,0
T0266,U005,7587.96,2025-08-15 19:24:26.999754,Zomato,Delhi,UPI,0
T0267,U001,6372.1,2025-08-13 18:49:26.999754,Amazon,New York,ATM,1
T0268,U005,3027.99,2025-08-12 10:49:26.999754,Myntra,Mumbai,ATM,0
T0269,U005,8628.1,2025-08-18 02:39:26.999754,Swiggy,New York,In-Store,1
T0270,U002,36099.45,2025-08-05 22:11:26.999754,Paytm,London,Online,1
T0271,U001,12880.23,2025-08-06 01:47:26.999754,Ola,London,ATM,1
T0272,U003,9966.51,2025-08-03 23:36:26.999754,Zomato,Delhi,UPI,0
T0273,U005,41409.1,2025-08-01 22:59:26.999754,Myntra,Delhi,ATM,1
T0274,U005,41828.36,2025-08-23 18:33:26.999754,Swiggy,Indore,UPI,1
T0275,U002,22203.44,2025-08-18 17:49:26.999754,Flipkart,London,ATM,1
T0276,U004,25366.49,2025-08-28 20:35:26.999754,Paytm,New York,UPI,1
T0277,U005,37923.21,2025-08-21 07:42:26.999754,Amazon,Bangalore,Online,0
T0278,U001,15744.66,2025-08-23 10:22:26.999754,Ola,Indore,In-Store,0
T0279,U002,44795.37,2025-08-02 05:39:26.999754,Paytm,Delhi,In-Store,1
T0280,U005,6870.41,2025-08-23 09:44:26.999754,Uber,Indore,In-Store,0
T0281,U005,37511.21,2025-08-14 06:42:26.999754,Swiggy,London,In-Store,1
T0282,U002,14525.44,2025-08-25 11:51:26.999754,Zomato,New York,ATM,1
T0283,U001,41898.38,2025-08-11 01:58:26.999754,Zomato,New York,UPI,1
T0284,U003,24667.23,2025-08-05 17:02:26.999754,Flipkart,Bangalore,UPI,0
T0285,U004,6328.72,2025-07-31 20:07:26.999754,Swiggy,New York,In-Store,1
T0286,U004,37232.04,2025-08-15 15:22:26.999754,Flipkart,Bangalore,UPI,0
T0287,U005,24475.03,2025-08-05 14:18:26.999754,Amazon,Mumbai,Online,0
T0288,U002,6019.02,2025-08-06 11:23:26.999754,Amazon,Bangalore,ATM,0
T0289,U002,18349.93,2025-07-30 21:13:26.999754,Amazon,Bangalore,ATM,0
T0290,U003,35147.42,2025-08-01 23:03:26.999754,Amazon,New York,UPI,1
T0291,U002,42624.07,2025-08-10 16:55:26.999754,Ola,Delhi,In-Store,1
T0292,U004,28284.94,2025-08-14 15:10:26.999754,Amazon,Bangalore,In-Store,0
T0293,U005,11085.0,2025-08-20 12:36:26.999754,Zomato,New York,UPI,1
T0294,U003,2419.18,2025-07-31 10:31:26.999754,Amazon,Delhi,UPI,0
T0295,U005,4554.65,2025-07-30 09:04:26.999754,Paytm,Mumbai,ATM,0
T0296,U005,21335.7,2025-08-19 12:57:26.999754,Amazon,Delhi,In-Store,0
T0297,U005,35085.89,2025-08-05 20:51:26.999754,Uber,New York,In-Store,1
T0298,U005,44218.69,2025-08-06 09:05:26.999754,Zomato,Mumbai,ATM,1
T0299,U005,49007.42,2025-08-04 13:19:26.999754,Myntra,New York,ATM,1
T0300,U001,44803.51,2025-08-05 09:22:26.999754,Uber,Mumbai,UPI,1
T0301,U003,15584.15,2025-08-22 11:17:26.999754,Myntra,London,ATM,1
T0302,U002,36901.79,2025-08-14 08:01:26.999754,Ola,Indore,UPI,0
T0303,U005,44483.81,2025-08-01 19:48:26.999754,Flipkart,Bangalore,In-Store,1
T0304,U004,2084.9,2025-08-15 22:03:26.999754,Swiggy,New York,ATM,1
T0305,U005,44445.92,2025-08-10 00:08:26.999754,Swiggy,London,Online,1
T0306,U004,27859.21,2025-07-31 18:29:26.999754,Flipkart,Indore,UPI,0
T0307,U005,6060.29,2025-08-02 06:09:26.999754,Swiggy,London,UPI,1
T0308,U002,37369.67,2025-08-27 06:25:26.999754,Flipkart,Mumbai,In-Store,0
T0309,U003,34827.95,2025-08-18 23:27:26.999754,Swiggy,London,Online,1
T0310,U005,23245.79,2025-08-18 17:50:26.999754,Myntra,Mumbai,ATM,0
T0311,U004,31575.89,2025-07-30 21:03:26.999754,Amazon,Delhi,UPI,0
T0312,U004,40077.26,2025-08-20 01:50:26.999754,Amazon,New York,UPI,1
T0313,U003,15511.76,2025-08-06 05:49:26.999754,Paytm,New York,In-Store,1
T0314,U004,2203.24,2025-08-16 20:53:26.999754,Uber,Delhi,Online,0
T0315,U005,34108.28,2025-07-31 03:27:26.999754,Amazon,Delhi,ATM,0
T0316,U004,33737.35,2025-08-02 04:08:26.999754,Uber,Delhi,In-Store,0
T0317,U004,23105.5,2025-08-20 23:19:26.999754,Uber,Delhi,ATM,0
T0318,U005,39850.97,2025-08-21 02:39:26.999754,Swiggy,Delhi,UPI,0
T0319,U004,6247.19,2025-08-25 18:23:26.999754,Paytm,Bangalore,UPI,0
T0320,U002,24509.99,2025-08-22 01:58:26.999754,Ola,Indore,In-Store,0
T0321,U005,33548.39,2025-08-19 18:34:26.999754,Flipkart,New York,Online,1
T0322,U002,33710.28,2025-08-02 23:58:26.999754,Flipkart,Indore,Online,0
T0323,U003,9046.04,2025-08-26 22:54:26.999754,Zomato,Bangalore,ATM,0
T0324,U002,1395.06,2025-08-25 00:33:26.999754,Paytm,Delhi,In-Store,0
T0325,U005,26812.38,2025-07-30 19:18:26.999754,Flipkart,New York,In-Store,1
T0326,U001,18913.54,2025-08-22 10:40:26.999754,Amazon,London,In-Store,1
T0327,U004,37485.52,2025-08-09 13:35:26.999754,Uber,Indore,Online,0
T0328,U004,42525.11,2025-08-14 07:23:26.999754,Myntra,Indore,In-Store,1
T0329,U001,13746.55,2025-08-03 03:35:26.999754,Ola,New York,ATM,1
T0330,U005,9716.07,2025-07-31 08:19:26.999754,Paytm,Indore,ATM,0
T0331,U005,17958.04,2025-08-03 20:57:26.999754,Zomato,Bangalore,In-Store,0
T0332,U004,6463.11,2025-08-05 18:22:26.999754,Myntra,Delhi,ATM,0
T0333,U003,16414.32,2025-08-26 02:08:26.999754,Zomato,Mumbai,Online,0
T0334,U005,44609.55,2025-08-20 16:44:26.999754,Myntra,Bangalore,UPI,1
T0335,U002,10589.46,2025-08-14 10:33:26.999754,Zomato,Delhi,Online,0
T0336,U005,20970.3,2025-08-02 08:36:26.999754,Myntra,Indore,ATM,0
T0337,U002,18536.17,2025-08-14 01:21:26.999754,Zomato,Delhi,In-Store,0
T0338,U001,4115.71,2025-08-14 16:19:26.999754,Amazon,Delhi,ATM,0
T0339,U002,21832.83,2025-08-09 04:44:26.999754,Swiggy,Delhi,In-Store,0
T0340,U002,7012.32,2025-08-03 00:21:26.999754,Myntra,Bangalore,UPI,0
T0341,U004,3989.15,2025-08-22 05:16:26.999754,Uber,London,Online,1
T0342,U001,46430.48,2025-08-28 04:15:26.999754,Paytm,Mumbai,Online,1
T0343,U002,13653.06,2025-08-09 17:38:26.999754,Uber,Delhi,In-Store,0
T0344,U002,1060.96,2025-08-12 18:08:26.999754,Zomato,Mumbai,ATM,0
T0345,U001,48358.34,2025-08-08 22:57:26.999754,Zomato,New York,Online,1
T0346,U005,13534.04,2025-08-19 17:48:26.999754,Uber,Mumbai,In-Store,0
T0347,U003,9958.63,2025-08-24 08:46:26.999754,Ola,Indore,UPI,0
T0348,U003,21726.65,2025-08-26 13:59:26.999754,Amazon,Bangalore,ATM,0
T0349,U004,2335.44,2025-08-19 02:30:26.999754,Zomato,Indore,In-Store,0
T0350,U001,9892.67,2025-08-22 03:09:26.999754,Amazon,London,Online,1
T0351,U002,3768.55,2025-08-02 16:42:26.999754,Myntra,Mumbai,In-Store,0
T0352,U004,31099.82,2025-08-27 08:26:26.999754,Myntra,London,ATM,1
T0353,U001,2048.62,2025-08-17 08:05:26.999754,Swiggy,New York,In-Store,1
T0354,U005,17921.69,2025-08-01 07:02:26.999754,Paytm,Indore,ATM,0
T0355,U002,1311.43,2025-08-01 05:22:26.999754,Swiggy,London,In-Store,1
T0356,U005,39633.03,2025-07-30 06:04:26.999754,Swiggy,New York,UPI,1
T0357,U001,23929.15,2025-08-03 14:45:26.999754,Ola,New York,UPI,1
T0358,U001,33738.96,2025-08-16 10:38:26.999754,Flipkart,London,Online,1
T0359,U002,33014.42,2025-08-10 10:26:26.999754,Paytm,Delhi,Online,0
T0360,U003,9279.76,2025-08-28 07:02:26.999754,Myntra,Indore,UPI,0
T0361,U005,35412.39,2025-07-31 21:01:26.999754,Ola,Mumbai,Online,0
T0362,U001,14734.66,2025-08-22 14:27:26.999754,Paytm,Delhi,In-Store,0
T0363,U005,20287.49,2025-08-08 06:55:26.999754,Uber,New York,Online,1
T0364,U003,32598.7,2025-08-21 08:24:26.999754,Zomato,New York,In-Store,1
T0365,U002,41804.82,2025-08-07 06:24:26.999754,Swiggy,Bangalore,In-Store,1
T0366,U004,8421.5,2025-08-25 00:37:26.999754,Flipkart,London,In-Store,1
T0367,U004,47630.92,2025-08-07 11:31:26.999754,Paytm,Delhi,ATM,1
T0368,U004,38936.26,2025-08-25 00:45:26.999754,Ola,Mumbai,Online,0
T0369,U005,22897.64,2025-08-18 03:32:26.999754,Ola,London,Online,1
T0370,U002,6709.86,2025-08-15 14:39:26.999754,Paytm,London,Online,1
T0371,U001,193.46,2025-08-07 09:27:26.999754,Ola,Delhi,In-Store,0
T0372,U004,17994.1,2025-08-02 05:58:26.999754,Zomato,Indore,UPI,0
T0373,U005,49822.32,2025-08-07 13:11:26.999754,Myntra,Bangalore,UPI,1
T0374,U002,11196.26,2025-08-10 08:54:26.999754,Myntra,Bangalore,In-Store,0
T0375,U005,18552.02,2025-08-07 15:36:26.999754,Swiggy,Indore,In-Store,0
T0376,U004,34690.09,2025-08-10 16:47:26.999754,Paytm,Mumbai,UPI,0
T0377,U003,18289.37,2025-08-17 12:14:26.999754,Paytm,Bangalore,In-Store,0
T0378,U005,4205.68,2025-08-28 04:13:26.999754,Amazon,Mumbai,UPI,0
T0379,U003,29072.54,2025-08-11 18:17:26.999754,Amazon,London,In-Store,1
T0380,U004,41928.44,2025-08-12 15:59:26.999754,Myntra,Mumbai,In-Store,1
T0381,U004,29756.18,2025-08-10 17:37:26.999754,Flipkart,New York,ATM,1
T0382,U003,48963.4,2025-08-11 17:18:26.999754,Swiggy,Mumbai,ATM,1
T0383,U005,17143.48,2025-08-24 21:29:26.999754,Swiggy,New York,UPI,1
T0384,U005,13733.43,2025-07-31 09:06:26.999754,Flipkart,Delhi,ATM,0
T0385,U001,48847.03,2025-08-26 01:27:26.999754,Zomato,Indore,UPI,1
T0386,U002,15027.43,2025-08-12 02:18:26.999754,Paytm,Indore,Online,0
T0387,U003,24856.61,2025-08-27 02:23:26.999754,Myntra,Indore,ATM,0
T0388,U001,34567.95,2025-08-26 13:04:26.999754,Zomato,Mumbai,ATM,0
T0389,U002,38264.22,2025-08-03 20:33:26.999754,Amazon,Bangalore,ATM,0
T0390,U001,2703.03,2025-08-12 01:48:26.999754,Amazon,Indore,ATM,0
T0391,U001,6868.92,2025-08-22 06:14:26.999754,Zomato,Bangalore,Online,0
T0392,U001,24608.81,2025-07-31 01:57:26.999754,Uber,London,ATM,1
T0393,U002,3313.78,2025-08-15 21:25:26.999754,Flipkart,London,UPI,1
T0394,U003,37008.9,2025-08-01 11:49:26.999754,Ola,Mumbai,In-Store,0
T0395,U001,45101.06,2025-08-28 00:04:26.999754,Swiggy,Bangalore,ATM,1
T0396,U005,39593.87,2025-08-15 01:20:26.999754,Ola,Mumbai,ATM,0
T0397,U004,15979.55,2025-08-14 16:59:26.999754,Myntra,Mumbai,In-Store,0
T0398,U004,2729.21,2025-08-22 14:24:26.999754,Flipkart,Mumbai,Online,0
T0399,U002,12741.17,2025-08-03 00:01:26.999754,Swiggy,London,UPI,1
T0400,U005,19485.3,2025-08-05 20:19:26.999754,Ola,Bangalore,Online,0
T0401,U004,5225.12,2025-08-09 01:42:26.999754,Swiggy,Mumbai,UPI,0
T0402,U004,23732.97,2025-08-23 19:17:26.999754,Paytm,Delhi,In-Store,0
T0403,U001,33581.34,2025-08-02 17:49:26.999754,Zomato,Mumbai,In-Store,0
T0404,U003,1698.27,2025-08-23 15:14:26.999754,Paytm,Delhi,In-Store,0
T0405,U002,37099.87,2025-07-31 23:54:26.999754,Swiggy,Delhi,UPI,0
T0406,U001,14739.76,2025-08-27 06:35:26.999754,Paytm,Delhi,UPI,0
T0407,U001,25504.6,2025-08-23 19:03:26.999754,Myntra,London,Online,1
T0408,U005,33817.08,2025-08-03 15:31:26.999754,Paytm,New York,In-Store,1
T0409,U001,48331.92,2025-08-24 23:21:26.999754,Amazon,Bangalore,In-Store,1
T0410,U003,18814.22,2025-08-24 19:36:26.999754,Amazon,New York,UPI,1
T0411,U002,33765.18,2025-08-27 20:36:26.999754,Myntra,Mumbai,ATM,0
T0412,U004,1940.57,2025-08-28 03:04:26.999754,Ola,Indore,In-Store,0
T0413,U002,39710.35,2025-08-07 21:44:26.999754,Flipkart,Delhi,Online,0
T0414,U005,23296.11,2025-08-27 17:20:26.999754,Flipkart,London,In-Store,1
T0415,U003,20523.58,2025-08-22 13:51:26.999754,Myntra,New York,ATM,1
T0416,U001,28086.39,2025-08-26 00:28:26.999754,Zomato,Bangalore,ATM,0
T0417,U005,21699.57,2025-08-21 11:39:26.999754,Myntra,Bangalore,In-Store,0
T0418,U003,8515.09,2025-08-13 21:51:26.999754,Ola,New York,Online,1
T0419,U001,49734.98,2025-08-21 07:48:26.999754,Amazon,Delhi,ATM,1
T0420,U002,26434.94,2025-08-12 04:26:26.999754,Flipkart,London,UPI,1
T0421,U005,20473.33,2025-08-07 18:35:26.999754,Flipkart,Indore,Online,0
T0422,U005,11728.62,2025-08-02 17:22:26.999754,Uber,Delhi,In-Store,0
T0423,U004,34649.91,2025-07-30 05:30:26.999754,Flipkart,New York,ATM,1
T0424,U001,32920.09,2025-08-18 09:36:26.999754,Myntra,Indore,ATM,0
T0425,U005,38551.34,2025-07-31 03:56:26.999754,Paytm,New York,ATM,1
T0426,U002,39332.74,2025-08-05 00:13:26.999754,Uber,London,ATM,1
T0427,U002,13662.43,2025-08-06 10:39:26.999754,Swiggy,Mumbai,ATM,0
T0428,U002,12480.27,2025-08-12 22:49:26.999754,Swiggy,Mumbai,Online,0
T0429,U004,15688.15,2025-08-03 16:09:26.999754,Flipkart,Bangalore,In-Store,0
T0430,U004,24076.18,2025-08-06 23:29:26.999754,Ola,Mumbai,ATM,0
T0431,U004,20390.88,2025-08-08 14:57:26.999754,Amazon,Mumbai,UPI,0
T0432,U004,31109.69,2025-08-11 04:46:26.999754,Myntra,Indore,In-Store,0
T0433,U003,3646.78,2025-08-07 02:51:26.999754,Ola,London,In-Store,1
T0434,U001,49753.42,2025-08-02 23:41:26.999754,Paytm,Delhi,In-Store,1
T0435,U003,566.8,2025-08-27 11:36:26.999754,Zomato,London,UPI,1
T0436,U003,21296.26,2025-08-04 00:49:26.999754,Paytm,Indore,Online,0
T0437,U003,23045.14,2025-08-21 09:39:26.999754,Myntra,Mumbai,In-Store,0
T0438,U004,42538.88,2025-08-27 03:20:26.999754,Zomato,Bangalore,Online,1
T0439,U002,11020.28,2025-08-14 00:25:26.999754,Paytm,New York,In-Store,1
T0440,U005,10636.89,2025-08-22 17:23:26.999754,Uber,Delhi,UPI,0
T0441,U003,46933.46,2025-08-08 09:34:26.999754,Uber,London,ATM,1
T0442,U004,38505.79,2025-08-20 21:55:26.999754,Paytm,Delhi,In-Store,0
T0443,U001,4481.87,2025-08-15 03:33:26.999754,Ola,New York,UPI,1
T0444,U004,39346.88,2025-08-08 04:19:26.999754,Myntra,Bangalore,In-Store,0
T0445,U005,5825.63,2025-08-27 03:08:26.999754,Ola,Mumbai,In-Store,0
T0446,U004,37945.37,2025-08-14 20:44:26.999754,Swiggy,Indore,UPI,0
T0447,U001,2958.91,2025-08-15 08:28:26.999754,Zomato,Mumbai,ATM,0
T0448,U001,29692.23,2025-08-23 23:01:26.999754,Myntra,Mumbai,Online,0
T0449,U005,5864.6,2025-08-08 05:50:26.999754,Zomato,London,In-Store,1
T0450,U001,16146.6,2025-08-23 18:33:26.999754,Uber,Mumbai,Online,0
T0451,U003,38187.99,2025-08-14 06:49:26.999754,Myntra,Bangalore,Online,0
T0452,U005,47984.34,2025-08-07 09:24:26.999754,Zomato,Bangalore,Online,1
T0453,U001,4900.2,2025-08-06 15:26:26.999754,Amazon,London,UPI,1
T0454,U002,2070.21,2025-08-18 08:23:26.999754,Ola,Delhi,ATM,0
T0455,U004,34568.91,2025-08-24 04:12:26.999754,Myntra,Mumbai,UPI,0
T0456,U004,33519.68,2025-08-03 11:19:26.999754,Myntra,Delhi,Online,0
T0457,U002,27073.1,2025-08-02 09:12:26.999754,Flipkart,Bangalore,ATM,0
T0458,U002,33620.63,2025-08-11 06:22:26.999754,Flipkart,London,ATM,1
T0459,U004,38425.73,2025-08-12 19:09:26.999754,Ola,Indore,UPI,0
T0460,U004,39889.57,2025-08-27 11:45:26.999754,Amazon,London,In-Store,1
T0461,U004,16585.91,2025-08-09 14:06:26.999754,Myntra,London,ATM,1
T0462,U004,33773.64,2025-08-22 03:57:26.999754,Amazon,Indore,UPI,0
T0463,U005,8059.6,2025-08-06 07:16:26.999754,Swiggy,Bangalore,In-Store,0
T0464,U001,48462.19,2025-08-09 01:03:26.999754,Paytm,London,UPI,1
T0465,U001,14651.35,2025-08-07 06:57:26.999754,Ola,London,UPI,1
T0466,U005,40906.57,2025-08-10 17:56:26.999754,Amazon,New York,ATM,1
T0467,U003,15290.27,2025-08-12 23:55:26.999754,Paytm,Mumbai,UPI,0
T0468,U002,28341.68,2025-08-12 21:49:26.999754,Paytm,Delhi,In-Store,0
T0469,U004,3202.89,2025-08-21 23:42:26.999754,Uber,New York,ATM,1
T0470,U002,49510.48,2025-08-20 08:15:26.999754,Swiggy,New York,ATM,1
T0471,U001,15424.57,2025-08-27 17:25:26.999754,Zomato,Delhi,Online,0
T0472,U004,29270.32,2025-08-28 06:39:26.999754,Swiggy,London,UPI,1
T0473,U005,20404.74,2025-08-24 02:52:26.999754,Uber,Indore,Online,0
T0474,U001,34714.0,2025-08-15 17:08:26.999754,Ola,London,Online,1
T0475,U001,8749.98,2025-08-10 14:53:26.999754,Paytm,New York,ATM,1
T0476,U002,42514.61,2025-08-01 22:53:26.999754,Flipkart,London,Online,1
T0477,U001,5098.28,2025-08-17 00:23:26.999754,Paytm,Indore,UPI,0
T0478,U005,34132.97,2025-08-06 10:27:26.999754,Ola,Mumbai,In-Store,0
T0479,U005,10759.89,2025-08-09 15:28:26.999754,Flipkart,Delhi,ATM,0
T0480,U003,39943.77,2025-08-19 21:57:26.999754,Flipkart,Mumbai,Online,0
T0481,U005,14331.18,2025-08-19 10:44:26.999754,Amazon,Mumbai,ATM,0
T0482,U002,4785.5,2025-08-11 22:17:26.999754,Paytm,Indore,In-Store,0
T0483,U005,11647.27,2025-08-12 19:32:26.999754,Zomato,Bangalore,UPI,0
T0484,U001,34486.64,2025-08-15 02:43:26.999754,Zomato,Indore,UPI,0
T0485,U002,48565.12,2025-08-21 10:29:26.999754,Myntra,Delhi,In-Store,1
T0486,U003,30030.55,2025-08-24 08:13:26.999754,Ola,Indore,In-Store,0
T0487,U002,35824.71,2025-08-21 10:36:26.999754,Amazon,Indore,UPI,0
T0488,U001,49492.11,2025-08-11 15:20:26.999754,Myntra,Delhi,In-Store,1
T0489,U004,48598.51,2025-08-26 20:09:26.999754,Swiggy,Indore,Online,1
T0490,U005,32806.25,2025-08-06 10:58:26.999754,Swiggy,Bangalore,ATM,0
T0491,U004,37585.37,2025-08-15 05:23:26.999754,Paytm,Indore,UPI,0
T0492,U002,48513.29,2025-08-13 07:42:26.999754,Flipkart,Bangalore,ATM,1
T0493,U001,26083.4,2025-08-06 12:12:26.999754,Uber,Bangalore,ATM,0
T0494,U001,30885.41,2025-08-04 17:00:26.999754,Amazon,Delhi,In-Store,0
T0495,U003,24597.08,2025-08-17 00:28:26.999754,Myntra,Mumbai,Online,0
T0496,U004,47588.35,2025-08-27 01:32:26.999754,Uber,Mumbai,ATM,1
T0497,U003,1594.31,2025-08-28 04:52:26.999754,Uber,Delhi,In-Store,0
T0498,U003,27802.9,2025-08-12 14:13:26.999754,Ola,Indore,ATM,0
T0499,U004,33560.25,2025-08-12 12:58:26.999754,Uber,Delhi,ATM,0
T0500,U003,32029.42,2025-08-17 17:24:26.999754,Amazon,Bangalore,ATM,0
T0501,U005,42435.61,2025-08-10 16:13:26.999754,Uber,London,Online,1
T0502,U002,32874.19,2025-08-25 11:41:26.999754,Flipkart,Delhi,ATM,0
T0503,U003,40869.49,2025-08-16 00:31:26.999754,Ola,Mumbai,UPI,1
T0504,U004,25322.23,2025-08-27 06:32:26.999754,Zomato,New York,Online,1
T0505,U001,23150.5,2025-08-12 20:10:26.999754,Myntra,Delhi,ATM,0
T0506,U003,43796.18,2025-08-18 20:41:26.999754,Amazon,New York,In-Store,1
T0507,U001,35952.33,2025-08-01 10:38:26.999754,Paytm,Bangalore,In-Store,0
T0508,U005,32773.7,2025-08-20 19:16:26.999754,Amazon,Mumbai,Online,0
T0509,U005,47857.42,2025-08-05 19:31:26.999754,Swiggy,Indore,ATM,1
T0510,U005,15750.59,2025-08-22 05:54:26.999754,Amazon,Mumbai,In-Store,0
T0511,U002,33969.68,2025-08-22 17:18:26.999754,Flipkart,London,UPI,1
T0512,U002,12235.48,2025-07-30 12:02:26.999754,Paytm,Delhi,Online,0
T0513,U002,35375.96,2025-08-16 16:06:26.999754,Swiggy,Delhi,ATM,0
T0514,U004,17346.51,2025-08-04 21:20:26.999754,Ola,New York,In-Store,1
T0515,U005,47392.68,2025-08-01 16:28:26.999754,Uber,Bangalore,Online,1
T0516,U005,20980.33,2025-08-18 20:52:26.999754,Flipkart,Mumbai,UPI,0
T0517,U002,14667.56,2025-08-03 06:22:26.999754,Ola,Bangalore,UPI,0
T0518,U001,1685.61,2025-08-05 12:28:26.999754,Zomato,Mumbai,In-Store,0
T0519,U005,10754.35,2025-08-23 14:12:26.999754,Myntra,Bangalore,In-Store,0
T0520,U005,34428.21,2025-08-20 04:45:26.999754,Amazon,Mumbai,UPI,0
T0521,U004,48094.1,2025-08-27 05:20:26.999754,Amazon,London,Online,1
T0522,U002,7150.21,2025-08-19 01:34:26.999754,Myntra,Bangalore,In-Store,0
T0523,U003,42196.93,2025-07-31 13:43:26.999754,Myntra,Delhi,Online,1
T0524,U005,15309.66,2025-08-03 15:38:26.999754,Zomato,Delhi,ATM,0
T0525,U003,19510.73,2025-08-17 06:19:26.999754,Uber,Bangalore,In-Store,0
T0526,U005,35292.52,2025-08-13 19:59:26.999754,Ola,New York,In-Store,1
T0527,U005,36728.03,2025-08-25 05:43:26.999754,Uber,London,ATM,1
T0528,U001,25388.61,2025-08-28 10:31:26.999754,Amazon,Bangalore,UPI,0
T0529,U003,2654.62,2025-08-02 08:27:26.999754,Uber,Delhi,ATM,0
T0530,U002,19907.22,2025-08-10 12:06:26.999754,Amazon,Delhi,Online,0
T0531,U005,5154.88,2025-08-28 02:34:26.999754,Zomato,Mumbai,UPI,0
T0532,U002,42195.94,2025-08-09 00:26:26.999754,Amazon,Delhi,Online,1
T0533,U005,44473.99,2025-08-08 21:41:26.999754,Myntra,Bangalore,In-Store,1
T0534,U001,13607.8,2025-08-10 07:41:26.999754,Myntra,Delhi,ATM,0
T0535,U001,45069.86,2025-08-18 05:10:26.999754,Uber,Bangalore,ATM,1
T0536,U003,23816.24,2025-08-27 05:05:26.999754,Paytm,New York,ATM,1
T0537,U005,13680.79,2025-08-01 19:41:26.999754,Zomato,New York,UPI,1
T0538,U003,9559.62,2025-08-28 12:12:26.999754,Uber,New York,UPI,1
T0539,U004,24707.08,2025-08-16 04:42:26.999754,Zomato,Indore,Online,0
T0540,U003,49426.77,2025-08-13 04:31:26.999754,Zomato,Mumbai,Online,1
T0541,U005,13160.12,2025-08-05 11:00:26.999754,Uber,Bangalore,Online,0
T0542,U004,22071.92,2025-08-18 12:43:26.999754,Myntra,Mumbai,In-Store,0
T0543,U005,30394.86,2025-08-18 23:03:26.999754,Swiggy,Mumbai,In-Store,0
T0544,U004,46996.03,2025-08-16 13:00:26.999754,Ola,London,UPI,1
T0545,U001,49179.75,2025-08-16 05:12:26.999754,Paytm,Delhi,Online,1
T0546,U002,21821.46,2025-07-31 23:40:26.999754,Paytm,New York,UPI,1
T0547,U004,44497.7,2025-08-26 05:41:26.999754,Uber,Delhi,Online,1
T0548,U002,2877.44,2025-08-14 12:08:26.999754,Ola,Bangalore,In-Store,0
T0549,U005,44000.38,2025-08-02 09:23:26.999754,Swiggy,Mumbai,In-Store,1
T0550,U003,38809.38,2025-08-01 00:26:26.999754,Swiggy,New York,Online,1
T0551,U004,6834.47,2025-08-20 13:38:26.999754,Flipkart,Bangalore,ATM,0
T0552,U003,43442.88,2025-08-11 20:20:26.999754,Zomato,New York,UPI,1
T0553,U003,25974.55,2025-08-04 01:11:26.999754,Amazon,New York,UPI,1
T0554,U005,24121.27,2025-08-17 08:32:26.999754,Myntra,New York,Online,1
T0555,U001,43007.94,2025-08-22 08:31:26.999754,Amazon,Bangalore,UPI,1
T0556,U004,36974.9,2025-08-21 07:49:26.999754,Myntra,Mumbai,UPI,0
T0557,U002,41394.37,2025-08-07 12:23:26.999754,Myntra,Bangalore,ATM,1
T0558,U001,48696.26,2025-08-01 17:49:26.999754,Myntra,London,ATM,1
T0559,U004,35652.07,2025-08-04 05:35:26.999754,Zomato,Bangalore,UPI,0
T0560,U002,24409.48,2025-08-11 14:26:26.999754,Swiggy,Bangalore,Online,0
T0561,U005,34647.78,2025-07-31 09:46:26.999754,Zomato,New York,UPI,1
T0562,U001,14204.64,2025-08-07 07:31:26.999754,Uber,London,In-Store,1
T0563,U004,19806.09,2025-08-20 11:30:26.999754,Zomato,New York,UPI,1
T0564,U001,1253.49,2025-08-08 18:17:26.999754,Uber,New York,ATM,1
T0565,U005,7542.88,2025-07-31 06:38:26.999754,Flipkart,Bangalore,Online,0
T0566,U001,9176.24,2025-08-12 16:40:26.999754,Paytm,Bangalore,Online,0
T0567,U004,22167.59,2025-08-10 15:02:26.999754,Paytm,Bangalore,UPI,0
T0568,U001,47429.14,2025-08-23 16:55:26.999754,Amazon,Delhi,UPI,1
T0569,U001,14117.42,2025-08-12 02:32:26.999754,Zomato,New York,UPI,1
T0570,U001,23904.18,2025-08-02 01:55:26.999754,Amazon,Mumbai,UPI,0
T0571,U002,44985.27,2025-08-15 00:53:26.999754,Uber,Delhi,ATM,1
T0572,U003,42199.62,2025-08-25 00:17:26.999754,Paytm,London,ATM,1
T0573,U002,27208.64,2025-07-30 02:28:26.999754,Ola,London,In-Store,1
T0574,U004,20192.45,2025-08-20 13:16:26.999754,Zomato,Delhi,ATM,0
T0575,U001,36091.21,2025-08-23 22:09:26.999754,Zomato,London,UPI,1
T0576,U005,46826.82,2025-08-15 04:19:26.999754,Swiggy,London,In-Store,1
T0577,U004,20901.48,2025-08-23 11:07:26.999754,Amazon,New York,UPI,1
T0578,U004,38843.48,2025-08-20 07:15:26.999754,Flipkart,Delhi,ATM,0
T0579,U003,29333.65,2025-08-25 23:06:26.999754,Uber,Mumbai,In-Store,0
T0580,U001,47309.26,2025-08-09 02:08:26.999754,Uber,Mumbai,Online,1
T0581,U002,42229.38,2025-07-31 22:53:26.999754,Paytm,New York,UPI,1
T0582,U005,22544.44,2025-08-22 06:46:26.999754,Uber,Bangalore,UPI,0
T0583,U005,22159.82,2025-08-01 11:01:26.999754,Swiggy,New York,UPI,1
T0584,U004,42839.87,2025-08-11 11:55:26.999754,Paytm,Indore,In-Store,1
T0585,U003,12682.16,2025-08-23 02:19:26.999754,Myntra,New York,UPI,1
T0586,U002,28739.36,2025-08-04 19:22:26.999754,Uber,London,UPI,1
T0587,U004,21956.55,2025-08-22 22:44:26.999754,Myntra,London,In-Store,1
T0588,U003,35147.46,2025-08-07 16:48:26.999754,Amazon,Delhi,In-Store,0
T0589,U002,26970.9,2025-08-16 20:22:26.999754,Amazon,Indore,Online,0
T0590,U003,17608.62,2025-08-02 08:30:26.999754,Ola,Mumbai,UPI,0
T0591,U005,17167.51,2025-08-03 03:37:26.999754,Flipkart,Bangalore,ATM,0
T0592,U002,25309.16,2025-08-25 03:52:26.999754,Amazon,Delhi,ATM,0
T0593,U003,28814.37,2025-08-28 03:29:26.999754,Swiggy,Bangalore,Online,0
T0594,U001,9838.19,2025-08-25 03:01:26.999754,Ola,Delhi,ATM,0
T0595,U005,27704.63,2025-08-15 15:43:26.999754,Uber,London,ATM,1
T0596,U001,10547.16,2025-08-02 00:20:26.999754,Paytm,Mumbai,UPI,0
T0597,U003,39539.66,2025-08-23 07:35:26.999754,Amazon,Bangalore,UPI,0
T0598,U001,44663.79,2025-08-24 04:07:26.999754,Swiggy,Mumbai,UPI,1
T0599,U005,24042.74,2025-08-14 09:03:26.999754,Myntra,Bangalore,Online,0
T0600,U002,25906.4,2025-08-23 15:01:26.999754,Ola,London,Online,1
T0601,U005,1795.67,2025-08-24 19:59:26.999754,Flipkart,Indore,UPI,0
T0602,U005,7411.34,2025-08-03 22:13:26.999754,Paytm,London,UPI,1
T0603,U004,11115.11,2025-08-24 00:04:26.999754,Swiggy,New York,In-Store,1
T0604,U004,46796.8,2025-08-01 13:59:26.999754,Flipkart,New York,UPI,1
T0605,U005,22601.23,2025-08-15 05:16:26.999754,Paytm,London,In-Store,1
T0606,U002,20430.63,2025-07-31 16:41:26.999754,Uber,Bangalore,ATM,0
T0607,U003,32869.39,2025-08-07 10:00:26.999754,Paytm,New York,In-Store,1
T0608,U004,38522.94,2025-08-26 15:34:26.999754,Flipkart,Delhi,Online,0
T0609,U001,21506.62,2025-08-10 11:27:26.999754,Flipkart,New York,UPI,1
T0610,U004,23133.35,2025-08-08 20:04:26.999754,Paytm,London,In-Store,1
T0611,U002,2895.3,2025-08-20 17:20:26.999754,Swiggy,Indore,Online,0
T0612,U003,20495.73,2025-08-11 21:54:26.999754,Paytm,New York,Online,1
T0613,U003,11681.61,2025-08-11 18:51:26.999754,Swiggy,Indore,ATM,0
T0614,U003,4510.97,2025-08-09 07:10:26.999754,Swiggy,Mumbai,UPI,0
T0615,U005,15325.99,2025-07-30 10:48:26.999754,Flipkart,Bangalore,Online,0
T0616,U003,11733.26,2025-08-02 20:23:26.999754,Myntra,Indore,UPI,0
T0617,U003,28270.26,2025-08-13 09:52:26.999754,Amazon,Delhi,UPI,0
T0618,U005,41426.87,2025-08-08 10:27:26.999754,Myntra,Mumbai,Online,1
T0619,U002,272.42,2025-08-14 18:23:26.999754,Uber,Delhi,Online,0
T0620,U001,29618.76,2025-08-07 19:58:26.999754,Uber,Mumbai,UPI,0
T0621,U001,26765.25,2025-08-27 20:24:26.999754,Uber,Indore,ATM,0
T0622,U002,39103.27,2025-08-19 01:38:26.999754,Amazon,Delhi,ATM,0
T0623,U003,47688.22,2025-08-13 23:12:26.999754,Ola,Indore,ATM,1
T0624,U003,42151.62,2025-08-26 21:18:26.999754,Ola,London,Online,1
T0625,U005,18956.17,2025-08-09 11:36:26.999754,Amazon,Mumbai,In-Store,0
T0626,U003,44480.26,2025-08-21 02:40:26.999754,Paytm,Indore,In-Store,1
T0627,U003,22291.3,2025-08-14 16:40:26.999754,Swiggy,Mumbai,Online,0
T0628,U001,41044.67,2025-08-24 23:57:26.999754,Amazon,New York,ATM,1
T0629,U001,13210.34,2025-08-09 16:36:26.999754,Paytm,Mumbai,In-Store,0
T0630,U003,34713.77,2025-08-19 22:50:26.999754,Myntra,Mumbai,Online,0
T0631,U003,31126.56,2025-08-07 02:13:26.999754,Ola,Delhi,Online,0
T0632,U002,8308.99,2025-08-09 16:45:26.999754,Swiggy,Delhi,ATM,0
T0633,U003,45341.5,2025-08-09 23:31:26.999754,Paytm,Delhi,ATM,1
T0634,U001,26931.34,2025-07-31 07:55:26.999754,Myntra,Mumbai,In-Store,0
T0635,U005,17132.94,2025-08-15 02:15:26.999754,Ola,Delhi,Online,0
T0636,U002,40156.3,2025-08-09 01:13:26.999754,Paytm,Mumbai,UPI,1
T0637,U003,18166.72,2025-08-08 14:02:26.999754,Flipkart,London,Online,1
T0638,U004,42488.95,2025-08-22 09:03:26.999754,Swiggy,Delhi,In-Store,1
T0639,U003,33207.46,2025-08-14 15:21:26.999754,Swiggy,London,In-Store,1
T0640,U005,1291.11,2025-08-18 18:24:26.999754,Uber,New York,ATM,1
T0641,U005,13652.25,2025-07-30 01:43:26.999754,Uber,Indore,UPI,0
T0642,U005,22792.41,2025-07-30 09:39:26.999754,Swiggy,Bangalore,ATM,0
T0643,U001,12995.15,2025-08-22 01:48:26.999754,Ola,Mumbai,Online,0
T0644,U003,2259.08,2025-08-10 10:23:26.999754,Amazon,Indore,ATM,0
T0645,U001,24529.02,2025-08-20 18:22:26.999754,Flipkart,Indore,ATM,0
T0646,U004,31147.67,2025-08-28 21:16:26.999754,Swiggy,Indore,UPI,0
T0647,U005,5390.43,2025-08-03 22:40:26.999754,Zomato,Bangalore,In-Store,0
T0648,U005,42500.72,2025-08-14 21:08:26.999754,Amazon,Indore,ATM,1
T0649,U003,25297.9,2025-08-05 16:15:26.999754,Swiggy,Bangalore,In-Store,0
T0650,U002,25869.4,2025-08-02 16:01:26.999754,Uber,Indore,Online,0
T0651,U005,21962.67,2025-07-30 11:35:26.999754,Ola,New York,ATM,1
T0652,U002,3025.22,2025-07-31 14:56:26.999754,Swiggy,New York,Online,1
T0653,U003,20979.36,2025-08-18 13:03:26.999754,Paytm,Delhi,ATM,0
T0654,U003,9457.86,2025-08-16 13:31:26.999754,Uber,Mumbai,Online,0
T0655,U005,38018.15,2025-08-08 23:20:26.999754,Zomato,Mumbai,UPI,0
T0656,U003,27640.68,2025-08-22 15:24:26.999754,Flipkart,Bangalore,Online,0
T0657,U002,33178.64,2025-08-26 02:06:26.999754,Uber,Delhi,Online,0
T0658,U004,32358.06,2025-08-07 20:04:26.999754,Flipkart,Delhi,ATM,0
T0659,U003,29653.08,2025-08-25 08:22:26.999754,Amazon,New York,UPI,1
T0660,U002,32870.91,2025-08-15 17:26:26.999754,Amazon,London,In-Store,1
T0661,U005,20279.53,2025-08-12 04:54:26.999754,Paytm,Indore,ATM,0
T0662,U003,2301.86,2025-08-28 17:36:26.999754,Swiggy,Mumbai,Online,0
T0663,U004,1338.3,2025-08-15 07:28:26.999754,Myntra,New York,Online,1
T0664,U005,19656.76,2025-08-09 14:23:26.999754,Myntra,Indore,In-Store,0
T0665,U002,45585.66,2025-08-18 08:23:26.999754,Uber,New York,In-Store,1
T0666,U002,321.75,2025-08-19 13:50:26.999754,Amazon,Bangalore,UPI,0
T0667,U004,34234.42,2025-08-25 22:49:26.999754,Paytm,New York,ATM,1
T0668,U003,3756.14,2025-08-11 03:14:26.999754,Flipkart,Indore,In-Store,0
T0669,U002,8161.21,2025-08-08 08:53:26.999754,Flipkart,Delhi,UPI,0
T0670,U004,32514.79,2025-08-18 01:02:26.999754,Paytm,London,ATM,1
T0671,U002,404.56,2025-08-02 18:05:26.999754,Zomato,Delhi,UPI,0
T0672,U003,45401.87,2025-08-13 23:56:26.999754,Swiggy,Indore,In-Store,1
T0673,U003,44127.28,2025-08-27 01:41:26.999754,Myntra,London,UPI,1
T0674,U003,49526.88,2025-08-17 23:44:26.999754,Amazon,Delhi,Online,1
T0675,U002,5442.25,2025-08-15 07:08:26.999754,Myntra,Bangalore,In-Store,0
T0676,U001,3900.09,2025-08-17 16:45:26.999754,Uber,Delhi,Online,0
T0677,U004,40027.24,2025-08-07 17:48:26.999754,Uber,Bangalore,Online,1
T0678,U005,44380.4,2025-08-23 02:19:26.999754,Uber,Mumbai,ATM,1
T0679,U003,45784.83,2025-08-20 22:23:26.999754,Myntra,London,UPI,1
T0680,U004,17616.83,2025-08-25 19:57:26.999754,Ola,Delhi,Online,0
T0681,U004,9963.76,2025-08-12 18:49:26.999754,Ola,Indore,Online,0
T0682,U001,4981.74,2025-08-20 21:48:26.999754,Uber,Bangalore,In-Store,0
T0683,U004,874.89,2025-08-08 08:46:26.999754,Zomato,Indore,Online,0
T0684,U004,14918.11,2025-08-04 21:46:26.999754,Amazon,Delhi,UPI,0
T0685,U003,17906.84,2025-08-28 12:26:26.999754,Paytm,Indore,ATM,0
T0686,U004,49730.05,2025-08-22 19:23:26.999754,Swiggy,Bangalore,UPI,1
T0687,U005,11597.95,2025-07-30 01:56:26.999754,Swiggy,London,UPI,1
T0688,U004,9936.93,2025-08-15 01:42:26.999754,Ola,Indore,UPI,0
T0689,U002,7417.11,2025-08-14 16:51:26.999754,Flipkart,London,Online,1
T0690,U002,32330.24,2025-08-09 06:44:26.999754,Amazon,Delhi,In-Store,0
T0691,U003,43114.69,2025-08-03 23:39:26.999754,Zomato,Delhi,ATM,1
T0692,U004,36847.38,2025-08-18 17:27:26.999754,Ola,Bangalore,UPI,0
T0693,U004,19296.55,2025-08-22 13:22:26.999754,Zomato,New York,In-Store,1
T0694,U002,26470.39,2025-08-20 19:01:26.999754,Myntra,London,ATM,1
T0695,U005,43493.23,2025-08-03 00:08:26.999754,Amazon,Mumbai,Online,1
T0696,U003,10938.33,2025-08-16 23:00:26.999754,Myntra,Bangalore,UPI,0
T0697,U003,23419.87,2025-08-04 23:59:26.999754,Myntra,Delhi,Online,0
T0698,U001,21630.34,2025-08-10 03:53:26.999754,Flipkart,New York,In-Store,1
T0699,U005,45987.2,2025-08-09 01:48:26.999754,Ola,Bangalore,UPI,1
T0700,U005,38915.21,2025-08-09 18:27:26.999754,Myntra,New York,UPI,1
T0701,U005,42875.92,2025-08-11 22:05:26.999754,Zomato,Mumbai,UPI,1
T0702,U002,4955.31,2025-08-22 22:25:26.999754,Uber,New York,UPI,1
T0703,U002,34170.87,2025-08-28 09:22:26.999754,Zomato,Mumbai,ATM,0
T0704,U003,5452.98,2025-08-13 17:33:26.999754,Ola,Mumbai,UPI,0
T0705,U005,25005.14,2025-08-09 19:35:26.999754,Swiggy,Mumbai,In-Store,0
T0706,U001,25735.71,2025-08-23 08:02:26.999754,Ola,New York,UPI,1
T0707,U005,7396.21,2025-07-30 19:48:26.999754,Amazon,Delhi,UPI,0
T0708,U001,2014.05,2025-08-14 01:31:26.999754,Ola,New York,Online,1
T0709,U004,7997.74,2025-08-28 15:55:26.999754,Flipkart,London,ATM,1
T0710,U003,39634.96,2025-08-25 00:01:26.999754,Swiggy,Bangalore,Online,0
T0711,U005,5226.41,2025-08-17 16:24:26.999754,Myntra,Indore,UPI,0
T0712,U005,15277.19,2025-07-30 16:21:26.999754,Flipkart,Indore,In-Store,0
T0713,U003,26883.64,2025-08-14 13:49:26.999754,Zomato,Indore,UPI,0
T0714,U002,20275.46,2025-08-02 13:08:26.999754,Paytm,Mumbai,Online,0
T0715,U002,23817.27,2025-08-02 01:13:26.999754,Paytm,New York,In-Store,1
T0716,U002,18442.72,2025-08-24 22:51:26.999754,Ola,New York,Online,1
T0717,U002,46191.97,2025-08-03 05:06:26.999754,Flipkart,Bangalore,UPI,1
T0718,U003,45724.49,2025-08-21 13:36:26.999754,Flipkart,Indore,ATM,1
T0719,U004,34304.44,2025-08-09 10:57:26.999754,Paytm,New York,In-Store,1
T0720,U003,38381.1,2025-08-11 19:57:26.999754,Swiggy,Mumbai,UPI,0
T0721,U002,20434.86,2025-08-10 09:02:26.999754,Paytm,Delhi,ATM,0
T0722,U001,40031.74,2025-08-08 14:46:26.999754,Ola,Mumbai,Online,1
T0723,U001,24481.6,2025-08-07 11:29:26.999754,Amazon,New York,UPI,1
T0724,U003,38108.02,2025-08-27 00:48:26.999754,Swiggy,Bangalore,In-Store,0
T0725,U001,38793.51,2025-08-14 15:03:26.999754,Flipkart,Bangalore,In-Store,0
T0726,U001,40962.57,2025-08-01 06:43:26.999754,Myntra,Bangalore,ATM,1
T0727,U003,43193.8,2025-08-08 04:55:26.999754,Swiggy,Delhi,UPI,1
T0728,U001,32398.68,2025-08-02 02:20:26.999754,Amazon,Mumbai,UPI,0
T0729,U004,31189.64,2025-08-27 12:53:26.999754,Paytm,Delhi,UPI,0
T0730,U001,22948.92,2025-08-24 13:18:26.999754,Paytm,New York,In-Store,1
T0731,U005,1613.69,2025-08-23 18:25:26.999754,Amazon,Bangalore,Online,0
T0732,U003,34677.37,2025-08-17 23:32:26.999754,Uber,Indore,ATM,0
T0733,U003,45771.16,2025-08-01 11:55:26.999754,Amazon,London,Online,1
T0734,U003,38851.15,2025-08-14 22:42:26.999754,Zomato,New York,In-Store,1
T0735,U001,26817.71,2025-08-04 16:11:26.999754,Paytm,Indore,Online,0
T0736,U002,12214.52,2025-08-11 06:32:26.999754,Amazon,New York,ATM,1
T0737,U001,13110.85,2025-08-19 03:21:26.999754,Zomato,Delhi,In-Store,0
T0738,U001,10188.67,2025-08-14 10:00:26.999754,Zomato,Mumbai,UPI,0
T0739,U003,39038.85,2025-08-23 01:12:26.999754,Flipkart,Indore,Online,0
T0740,U005,34376.52,2025-08-15 22:34:26.999754,Zomato,New York,ATM,1
T0741,U005,40839.07,2025-08-28 05:53:26.999754,Flipkart,London,Online,1
T0742,U005,39372.68,2025-08-23 04:26:26.999754,Myntra,Mumbai,UPI,0
T0743,U005,11721.24,2025-08-03 23:06:26.999754,Flipkart,Indore,UPI,0
T0744,U002,25250.38,2025-08-13 14:43:26.999754,Amazon,New York,Online,1
T0745,U004,1802.73,2025-08-22 07:32:26.999754,Swiggy,Mumbai,In-Store,0
T0746,U001,36074.91,2025-08-19 09:35:26.999754,Uber,New York,UPI,1
T0747,U005,8220.76,2025-08-11 15:37:26.999754,Uber,London,UPI,1
T0748,U003,31682.26,2025-08-06 08:17:26.999754,Swiggy,Indore,UPI,0
T0749,U003,24028.78,2025-08-02 08:22:26.999754,Ola,London,Online,1
T0750,U005,9425.93,2025-08-24 05:21:26.999754,Swiggy,Indore,In-Store,0
T0751,U001,46240.66,2025-08-25 06:50:26.999754,Swiggy,New York,In-Store,1
T0752,U005,33769.42,2025-08-01 15:52:26.999754,Zomato,Delhi,Online,0
T0753,U002,8494.08,2025-08-14 13:18:26.999754,Swiggy,Delhi,In-Store,0
T0754,U004,31336.32,2025-08-26 15:15:26.999754,Amazon,Bangalore,In-Store,0
T0755,U004,45260.15,2025-08-15 05:16:26.999754,Swiggy,Mumbai,Online,1
T0756,U002,36376.56,2025-08-20 15:22:26.999754,Uber,Bangalore,ATM,0
T0757,U004,484.54,2025-08-04 11:57:26.999754,Amazon,Mumbai,In-Store,0
T0758,U002,45032.72,2025-08-22 18:17:26.999754,Amazon,Bangalore,In-Store,1
T0759,U002,38707.36,2025-07-30 11:05:26.999754,Uber,Mumbai,UPI,0
T0760,U004,38778.55,2025-08-05 09:33:26.999754,Myntra,Bangalore,In-Store,0
T0761,U001,2621.07,2025-08-25 03:49:26.999754,Swiggy,Delhi,Online,0
T0762,U005,32071.2,2025-08-24 01:02:26.999754,Flipkart,London,UPI,1
T0763,U003,28825.4,2025-08-15 07:29:26.999754,Flipkart,Bangalore,Online,0
T0764,U002,9465.04,2025-08-16 03:20:26.999754,Flipkart,Bangalore,UPI,0
T0765,U005,28840.25,2025-08-16 06:50:26.999754,Uber,New York,In-Store,1
T0766,U003,12468.21,2025-08-23 15:07:26.999754,Myntra,Bangalore,ATM,0
T0767,U002,6444.89,2025-08-21 09:16:26.999754,Myntra,Bangalore,UPI,0
T0768,U005,11463.56,2025-08-13 14:21:26.999754,Paytm,Indore,In-Store,0
T0769,U005,20197.29,2025-08-17 07:36:26.999754,Uber,Mumbai,In-Store,0
T0770,U005,18127.16,2025-08-20 01:23:26.999754,Flipkart,London,Online,1
T0771,U005,26012.61,2025-08-14 08:25:26.999754,Uber,Indore,UPI,0
T0772,U002,29418.13,2025-08-09 19:39:26.999754,Swiggy,Mumbai,UPI,0
T0773,U003,3989.54,2025-08-11 15:55:26.999754,Ola,Bangalore,UPI,0
T0774,U005,22230.47,2025-08-20 08:52:26.999754,Zomato,Indore,Online,0
T0775,U005,26234.89,2025-08-15 01:02:26.999754,Ola,Mumbai,In-Store,0
T0776,U005,12783.86,2025-08-12 19:12:26.999754,Paytm,Mumbai,UPI,0
T0777,U003,39003.52,2025-08-24 03:08:26.999754,Zomato,New York,ATM,1
T0778,U003,7897.82,2025-08-14 02:31:26.999754,Swiggy,Delhi,Online,0
T0779,U001,11108.59,2025-08-12 01:04:26.999754,Myntra,Mumbai,Online,0
T0780,U001,49509.0,2025-08-25 05:52:26.999754,Amazon,New York,ATM,1
T0781,U003,49805.66,2025-08-12 17:59:26.999754,Paytm,London,ATM,1
T0782,U004,39891.83,2025-08-08 23:27:26.999754,Swiggy,Bangalore,UPI,0
T0783,U002,42096.75,2025-08-16 04:58:26.999754,Paytm,Mumbai,UPI,1
T0784,U004,33607.18,2025-08-01 00:33:26.999754,Flipkart,Indore,ATM,0
T0785,U005,12771.51,2025-08-21 19:31:26.999754,Swiggy,London,Online,1
T0786,U001,32553.77,2025-08-19 05:15:26.999754,Amazon,Delhi,ATM,0
T0787,U001,9108.26,2025-08-24 03:38:26.999754,Flipkart,New York,ATM,1
T0788,U003,43042.85,2025-08-27 01:55:26.999754,Swiggy,Bangalore,UPI,1
T0789,U002,7057.02,2025-08-06 02:27:26.999754,Ola,Indore,Online,0
T0790,U004,25779.45,2025-08-08 16:21:26.999754,Ola,New York,Online,1
T0791,U005,20741.52,2025-08-01 05:34:26.999754,Uber,Mumbai,Online,0
T0792,U002,25534.68,2025-08-01 23:37:26.999754,Amazon,New York,Online,1
T0793,U001,18874.96,2025-08-03 09:21:26.999754,Zomato,London,UPI,1
T0794,U002,27393.36,2025-08-05 16:47:26.999754,Ola,Indore,UPI,0
T0795,U001,7964.86,2025-08-27 07:40:26.999754,Myntra,Bangalore,In-Store,0
T0796,U002,7123.81,2025-08-25 20:47:26.999754,Paytm,Bangalore,In-Store,0
T0797,U004,2445.6,2025-08-15 21:18:26.999754,Uber,Bangalore,Online,0
T0798,U003,35255.79,2025-08-12 16:25:26.999754,Paytm,Bangalore,UPI,0
T0799,U002,4388.67,2025-08-06 13:45:26.999754,Ola,Bangalore,ATM,0
T0800,U002,31773.7,2025-08-22 10:42:26.999754,Ola,Delhi,In-Store,0
T0801,U004,47825.9,2025-08-07 21:10:26.999754,Zomato,Bangalore,ATM,1
T0802,U002,1557.05,2025-08-18 21:08:26.999754,Uber,Bangalore,In-Store,0
T0803,U004,23790.6,2025-08-26 05:06:26.999754,Uber,New York,UPI,1
T0804,U004,7237.6,2025-08-21 16:57:26.999754,Myntra,Mumbai,In-Store,0
T0805,U005,26653.85,2025-08-25 17:21:26.999754,Paytm,Mumbai,Online,0
T0806,U004,6227.85,2025-08-13 03:12:26.999754,Paytm,London,ATM,1
T0807,U003,3405.57,2025-08-25 06:33:26.999754,Paytm,Mumbai,UPI,0
T0808,U003,39754.91,2025-08-01 09:56:26.999754,Zomato,Delhi,UPI,0
T0809,U001,33713.58,2025-08-10 13:01:26.999754,Ola,Mumbai,UPI,0
T0810,U001,27533.97,2025-08-22 02:49:26.999754,Myntra,New York,Online,1
T0811,U002,34730.06,2025-08-26 16:52:26.999754,Amazon,Bangalore,UPI,0
T0812,U001,7651.57,2025-07-31 10:28:26.999754,Swiggy,Indore,ATM,0
T0813,U003,27529.6,2025-08-11 01:28:26.999754,Uber,Mumbai,UPI,0
T0814,U003,17843.07,2025-08-08 21:15:26.999754,Zomato,Indore,UPI,0
T0815,U003,36239.21,2025-07-30 16:43:26.999754,Myntra,New York,In-Store,1
T0816,U002,26381.6,2025-08-18 22:09:26.999754,Myntra,London,Online,1
T0817,U001,21970.26,2025-08-27 14:00:26.999754,Swiggy,New York,Online,1
T0818,U001,2317.37,2025-08-10 10:35:26.999754,Ola,Delhi,ATM,0
T0819,U005,10296.73,2025-08-08 04:07:26.999754,Paytm,Bangalore,UPI,0
T0820,U003,10035.14,2025-07-30 02:07:26.999754,Zomato,Mumbai,UPI,0
T0821,U003,39582.19,2025-08-18 22:37:26.999754,Ola,London,Online,1
T0822,U002,1394.4,2025-08-18 03:58:26.999754,Ola,London,Online,1
T0823,U004,5803.13,2025-08-12 03:32:26.999754,Paytm,London,ATM,1
T0824,U003,31053.47,2025-08-20 23:46:26.999754,Zomato,Bangalore,ATM,0
T0825,U004,22815.74,2025-08-08 07:17:26.999754,Zomato,Mumbai,Online,0
T0826,U005,39565.95,2025-08-26 02:50:26.999754,Myntra,New York,UPI,1
T0827,U001,15650.93,2025-08-19 23:39:26.999754,Myntra,Bangalore,Online,0
T0828,U002,44357.57,2025-08-23 00:53:26.999754,Swiggy,London,Online,1
T0829,U005,21629.45,2025-08-10 03:46:26.999754,Myntra,Delhi,ATM,0
T0830,U002,44966.86,2025-07-31 01:52:26.999754,Uber,Bangalore,UPI,1
T0831,U001,1413.25,2025-08-06 09:51:26.999754,Zomato,New York,In-Store,1
T0832,U002,21270.52,2025-08-22 10:09:26.999754,Flipkart,New York,UPI,1
T0833,U002,47666.53,2025-08-17 14:10:26.999754,Amazon,Delhi,ATM,1
T0834,U003,40498.47,2025-08-12 14:23:26.999754,Uber,Indore,ATM,1
T0835,U001,32626.15,2025-08-10 21:52:26.999754,Amazon,London,ATM,1
T0836,U005,39279.14,2025-08-17 06:21:26.999754,Flipkart,London,Online,1
T0837,U002,27514.88,2025-08-25 20:01:26.999754,Flipkart,London,In-Store,1
T0838,U004,6037.81,2025-08-25 08:57:26.999754,Zomato,Indore,Online,0
T0839,U002,24860.14,2025-08-11 02:07:26.999754,Zomato,Mumbai,UPI,0
T0840,U005,18295.92,2025-08-01 00:43:26.999754,Zomato,New York,ATM,1
T0841,U004,17277.59,2025-08-12 21:55:26.999754,Ola,Bangalore,ATM,0
T0842,U003,9747.98,2025-08-04 22:59:26.999754,Myntra,New York,Online,1
T0843,U003,40436.58,2025-08-11 10:32:26.999754,Uber,Delhi,Online,1
T0844,U004,21753.68,2025-08-25 15:40:26.999754,Flipkart,New York,In-Store,1
T0845,U002,21627.55,2025-08-14 12:23:26.999754,Paytm,London,ATM,1
T0846,U001,34840.06,2025-08-10 09:08:26.999754,Uber,New York,UPI,1
T0847,U002,15352.6,2025-08-11 00:09:26.999754,Uber,Delhi,In-Store,0
T0848,U002,46441.62,2025-08-19 19:30:26.999754,Uber,Delhi,Online,1
T0849,U004,12174.43,2025-08-06 03:22:26.999754,Swiggy,Mumbai,In-Store,0
T0850,U001,47594.13,2025-08-17 21:58:26.999754,Paytm,New York,UPI,1
T0851,U005,14065.88,2025-08-03 17:38:26.999754,Swiggy,New York,In-Store,1
T0852,U005,45289.63,2025-08-17 18:16:26.999754,Ola,Bangalore,UPI,1
T0853,U003,41724.65,2025-08-15 05:19:26.999754,Ola,Indore,ATM,1
T0854,U005,38363.77,2025-08-23 21:41:26.999754,Swiggy,New York,In-Store,1
T0855,U005,17259.07,2025-08-20 02:20:26.999754,Swiggy,Indore,In-Store,0
T0856,U001,13001.81,2025-08-05 00:28:26.999754,Zomato,Bangalore,In-Store,0
T0857,U003,45649.45,2025-08-18 08:54:26.999754,Paytm,New York,In-Store,1
T0858,U005,11067.74,2025-08-01 20:10:26.999754,Paytm,London,In-Store,1
T0859,U004,2825.1,2025-08-11 11:04:26.999754,Amazon,Indore,ATM,0
T0860,U005,8110.77,2025-08-01 20:18:26.999754,Ola,Delhi,ATM,0
T0861,U003,39841.56,2025-08-16 08:04:26.999754,Paytm,Indore,Online,0
T0862,U004,45902.05,2025-08-25 20:56:26.999754,Uber,Mumbai,UPI,1
T0863,U004,17916.08,2025-08-21 07:55:26.999754,Myntra,New York,ATM,1
T0864,U001,32641.87,2025-08-13 07:46:26.999754,Ola,Mumbai,UPI,0
T0865,U005,23090.83,2025-07-30 00:42:26.999754,Ola,Mumbai,Online,0
T0866,U001,26867.99,2025-08-15 08:52:26.999754,Amazon,Delhi,ATM,0
T0867,U002,43489.35,2025-08-09 02:41:26.999754,Zomato,Indore,UPI,1
T0868,U002,44741.13,2025-08-04 12:03:26.999754,Myntra,Delhi,Online,1
T0869,U004,3422.07,2025-08-24 21:19:26.999754,Paytm,Delhi,ATM,0
T0870,U002,34702.72,2025-08-21 06:33:26.999754,Myntra,Bangalore,Online,0
T0871,U001,18933.88,2025-08-12 21:56:26.999754,Swiggy,Delhi,Online,0
T0872,U004,48382.9,2025-08-21 09:15:26.999754,Uber,Bangalore,ATM,1
T0873,U005,47721.61,2025-08-06 06:03:26.999754,Ola,London,In-Store,1
T0874,U002,16797.79,2025-08-21 23:03:26.999754,Flipkart,New York,In-Store,1
T0875,U005,345.77,2025-08-04 14:28:26.999754,Paytm,Delhi,Online,0
T0876,U001,12870.32,2025-08-28 03:55:26.999754,Amazon,Delhi,In-Store,0
T0877,U005,45150.72,2025-08-22 14:47:26.999754,Paytm,London,In-Store,1
T0878,U004,49435.87,2025-08-23 02:38:26.999754,Myntra,Mumbai,UPI,1
T0879,U005,14200.3,2025-08-22 17:31:26.999754,Flipkart,Delhi,In-Store,0
T0880,U003,39583.96,2025-08-10 20:29:26.999754,Myntra,Delhi,ATM,0
T0881,U004,44302.3,2025-08-23 06:56:26.999754,Flipkart,Bangalore,In-Store,1
T0882,U003,13826.66,2025-08-27 10:41:26.999754,Ola,Mumbai,In-Store,0
T0883,U003,40197.78,2025-08-25 18:16:26.999754,Swiggy,London,Online,1
T0884,U002,42834.18,2025-08-27 17:09:26.999754,Amazon,London,Online,1
T0885,U004,37068.77,2025-08-10 09:12:26.999754,Flipkart,Indore,In-Store,0
T0886,U003,44891.95,2025-08-14 04:17:26.999754,Uber,Mumbai,Online,1
T0887,U001,34180.59,2025-08-15 08:22:26.999754,Amazon,New York,In-Store,1
T0888,U002,36894.23,2025-08-20 04:10:26.999754,Myntra,Indore,In-Store,0
T0889,U001,844.21,2025-08-17 05:43:26.999754,Swiggy,Indore,In-Store,0
T0890,U001,4674.61,2025-07-31 17:51:26.999754,Amazon,Bangalore,ATM,0
T0891,U003,972.63,2025-08-22 13:03:26.999754,Zomato,Bangalore,ATM,0
T0892,U005,26477.89,2025-08-26 00:43:26.999754,Swiggy,Mumbai,Online,0
T0893,U005,18606.23,2025-08-14 08:12:26.999754,Amazon,Delhi,ATM,0
T0894,U002,861.77,2025-08-05 08:39:26.999754,Uber,Mumbai,ATM,0
T0895,U001,11315.66,2025-08-11 01:33:26.999754,Zomato,Mumbai,ATM,0
T0896,U002,13736.74,2025-08-01 22:13:26.999754,Paytm,New York,UPI,1
T0897,U002,20687.74,2025-08-13 16:03:26.999754,Ola,Indore,Online,0
T0898,U004,25627.61,2025-08-17 14:46:26.999754,Ola,New York,ATM,1
T0899,U002,5245.3,2025-07-31 16:08:26.999754,Myntra,London,In-Store,1
T0900,U005,11729.43,2025-08-02 10:19:26.999754,Flipkart,Delhi,UPI,0
T0901,U002,21980.46,2025-08-09 19:07:26.999754,Paytm,Mumbai,UPI,0
T0902,U002,44399.32,2025-08-09 11:11:26.999754,Uber,New York,In-Store,1
T0903,U001,20600.75,2025-08-22 00:25:26.999754,Ola,Indore,Online,0
T0904,U004,33382.04,2025-08-28 13:50:26.999754,Paytm,Indore,In-Store,0
T0905,U002,12375.08,2025-08-27 03:07:26.999754,Paytm,Delhi,In-Store,0
T0906,U001,49029.61,2025-08-13 03:05:26.999754,Ola,Delhi,UPI,1
T0907,U002,21135.28,2025-08-10 09:06:26.999754,Ola,Mumbai,Online,0
T0908,U005,30247.48,2025-08-06 03:07:26.999754,Uber,Bangalore,ATM,0
T0909,U002,11747.63,2025-07-30 18:00:26.999754,Myntra,Delhi,ATM,0
T0910,U001,2914.05,2025-08-20 05:14:26.999754,Amazon,Bangalore,ATM,0
T0911,U001,485.5,2025-08-19 10:11:26.999754,Ola,London,UPI,1
T0912,U005,11181.95,2025-08-28 08:51:26.999754,Amazon,Bangalore,Online,0
T0913,U002,31728.09,2025-08-16 03:27:26.999754,Swiggy,Mumbai,In-Store,0
T0914,U003,451.37,2025-08-17 18:47:26.999754,Flipkart,Bangalore,UPI,0
T0915,U003,9579.72,2025-08-17 12:06:26.999754,Amazon,Indore,Online,0
T0916,U005,41359.97,2025-08-15 11:14:26.999754,Amazon,Indore,In-Store,1
T0917,U004,32191.01,2025-08-08 09:24:26.999754,Zomato,Indore,In-Store,0
T0918,U004,43711.77,2025-08-02 17:02:26.999754,Swiggy,Delhi,UPI,1
T0919,U005,10031.37,2025-08-20 09:30:26.999754,Zomato,Mumbai,ATM,0
T0920,U002,39666.9,2025-08-05 23:17:26.999754,Flipkart,Mumbai,Online,0
T0921,U003,30251.26,2025-08-03 04:34:26.999754,Amazon,Bangalore,ATM,0
T0922,U002,15618.78,2025-08-16 04:32:26.999754,Zomato,Indore,ATM,0
T0923,U004,7436.4,2025-08-08 12:23:26.999754,Myntra,Bangalore,UPI,0
T0924,U003,16910.44,2025-08-21 01:11:26.999754,Uber,Mumbai,In-Store,0
T0925,U002,16606.93,2025-07-30 17:56:26.999754,Paytm,Bangalore,ATM,0
T0926,U001,43747.43,2025-07-31 03:35:26.999754,Flipkart,Indore,Online,1
T0927,U002,45039.63,2025-08-14 03:25:26.999754,Swiggy,Indore,UPI,1
T0928,U003,40515.01,2025-08-16 02:04:26.999754,Paytm,Delhi,Online,1
T0929,U003,30311.01,2025-08-28 14:09:26.999754,Myntra,London,Online,1
T0930,U002,22024.57,2025-08-05 08:03:26.999754,Ola,Mumbai,In-Store,0
T0931,U003,28604.95,2025-08-05 00:48:26.999754,Uber,New York,Online,1
T0932,U004,13270.87,2025-08-02 11:36:26.999754,Swiggy,Mumbai,UPI,0
T0933,U003,2775.42,2025-08-23 09:27:26.999754,Myntra,Indore,In-Store,0
T0934,U005,31465.47,2025-08-24 09:28:26.999754,Amazon,New York,UPI,1
T0935,U004,8848.24,2025-08-04 04:13:26.999754,Zomato,Bangalore,In-Store,0
T0936,U003,42366.45,2025-08-08 15:18:26.999754,Myntra,London,In-Store,1
T0937,U005,12029.67,2025-08-26 10:54:26.999754,Flipkart,New York,UPI,1
T0938,U001,49447.88,2025-08-26 07:06:26.999754,Swiggy,London,UPI,1
T0939,U002,12271.02,2025-08-14 23:51:26.999754,Myntra,New York,UPI,1
T0940,U004,10216.34,2025-08-25 04:17:26.999754,Swiggy,Indore,ATM,0
T0941,U001,11963.81,2025-08-09 23:07:26.999754,Flipkart,Delhi,In-Store,0
T0942,U003,11177.49,2025-08-27 04:04:26.999754,Flipkart,Mumbai,ATM,0
T0943,U004,16520.82,2025-08-03 04:30:26.999754,Zomato,Mumbai,Online,0
T0944,U002,25880.95,2025-08-14 06:56:26.999754,Amazon,Delhi,Online,0
T0945,U004,6091.11,2025-08-16 04:03:26.999754,Swiggy,Indore,Online,0
T0946,U001,48389.72,2025-07-31 08:44:26.999754,Zomato,Bangalore,In-Store,1
T0947,U001,17480.57,2025-08-26 08:36:26.999754,Myntra,London,UPI,1
T0948,U005,33782.67,2025-08-04 12:02:26.999754,Amazon,Indore,In-Store,0
T0949,U003,43767.57,2025-08-15 18:56:26.999754,Amazon,Delhi,In-Store,1
T0950,U005,6333.85,2025-08-07 00:52:26.999754,Swiggy,Delhi,In-Store,0
T0951,U002,41417.32,2025-07-30 01:42:26.999754,Ola,Bangalore,Online,1
T0952,U002,7987.16,2025-08-26 18:34:26.999754,Paytm,Bangalore,UPI,0
T0953,U004,34812.8,2025-08-19 22:50:26.999754,Myntra,Mumbai,In-Store,0
T0954,U002,12124.89,2025-08-12 00:10:26.999754,Amazon,Bangalore,In-Store,0
T0955,U002,33285.91,2025-08-23 19:02:26.999754,Uber,London,UPI,1
T0956,U002,2845.99,2025-08-24 08:15:26.999754,Uber,Indore,UPI,0
T0957,U005,16798.24,2025-08-17 02:10:26.999754,Uber,Bangalore,UPI,0
T0958,U005,11449.8,2025-08-27 08:37:26.999754,Ola,London,Online,1
T0959,U005,46357.78,2025-08-08 18:05:26.999754,Swiggy,Delhi,Online,1
T0960,U001,45763.77,2025-08-01 10:44:26.999754,Swiggy,Delhi,UPI,1
T0961,U002,37407.5,2025-08-11 04:42:26.999754,Flipkart,Delhi,ATM,0
T0962,U005,44054.41,2025-08-20 15:36:26.999754,Ola,Delhi,In-Store,1
T0963,U004,39650.48,2025-08-11 15:21:26.999754,Flipkart,Indore,In-Store,0
T0964,U001,45403.5,2025-08-27 02:47:26.999754,Paytm,Delhi,ATM,1
T0965,U005,30008.12,2025-08-15 06:18:26.999754,Myntra,Indore,In-Store,0
T0966,U002,15315.19,2025-08-12 14:47:26.999754,Ola,Mumbai,ATM,0
T0967,U004,10914.45,2025-08-01 18:50:26.999754,Myntra,Mumbai,ATM,0
T0968,U002,38400.44,2025-08-24 10:27:26.999754,Zomato,Mumbai,Online,0
T0969,U001,19011.06,2025-07-31 11:54:26.999754,Amazon,Bangalore,In-Store,0
T0970,U005,5894.99,2025-08-15 05:45:26.999754,Swiggy,New York,In-Store,1
T0971,U005,37654.88,2025-08-17 06:43:26.999754,Flipkart,Mumbai,In-Store,0
T0972,U004,49709.59,2025-08-06 09:54:26.999754,Swiggy,Bangalore,Online,1
T0973,U003,29267.64,2025-08-05 20:40:26.999754,Ola,London,UPI,1
T0974,U004,45124.5,2025-08-22 18:12:26.999754,Myntra,Indore,Online,1
T0975,U003,36486.61,2025-08-12 13:48:26.999754,Zomato,London,UPI,1
T0976,U003,23279.22,2025-08-18 18:09:26.999754,Flipkart,London,UPI,1
T0977,U002,39828.61,2025-08-07 02:29:26.999754,Swiggy,New York,In-Store,1
T0978,U004,7019.71,2025-08-15 10:29:26.999754,Uber,Mumbai,In-Store,0
T0979,U002,14958.24,2025-08-09 17:06:26.999754,Zomato,Delhi,In-Store,0
T0980,U002,32890.32,2025-08-08 17:41:26.999754,Swiggy,Mumbai,In-Store,0
T0981,U005,27465.49,2025-07-30 18:02:26.999754,Myntra,Mumbai,UPI,0
T0982,U003,5941.67,2025-08-23 20:01:26.999754,Zomato,Mumbai,Online,0
T0983,U001,15267.0,2025-07-31 08:40:26.999754,Zomato,Mumbai,Online,0
T0984,U005,2973.16,2025-08-21 18:49:26.999754,Zomato,Bangalore,ATM,0
T0985,U001,38705.73,2025-08-07 18:49:26.999754,Zomato,Delhi,Online,0
T0986,U005,42758.88,2025-08-13 12:41:26.999754,Paytm,Mumbai,Online,1
T0987,U005,15448.63,2025-08-07 04:42:26.999754,Zomato,Delhi,Online,0
T0988,U005,31989.57,2025-08-06 05:28:26.999754,Zomato,London,In-Store,1
T0989,U003,15775.36,2025-08-17 15:25:26.999754,Zomato,London,In-Store,1
T0990,U002,43280.55,2025-08-23 19:12:26.999754,Ola,Mumbai,In-Store,1
T0991,U005,41096.58,2025-08-07 13:41:26.999754,Ola,Indore,Online,1
T0992,U003,10534.23,2025-08-17 12:49:26.999754,Zomato,Bangalore,ATM,0
T0993,U002,22905.01,2025-08-06 05:33:26.999754,Ola,London,UPI,1
T0994,U003,8906.69,2025-08-05 23:50:26.999754,Ola,New York,In-Store,1
T0995,U002,20696.62,2025-08-19 18:21:26.999754,Myntra,Indore,Online,0
T0996,U005,24969.72,2025-08-03 08:47:26.999754,Ola,Delhi,ATM,0
T0997,U003,21674.37,2025-08-22 17:17:26.999754,Uber,London,Online,1
T0998,U001,39193.26,2025-08-15 11:34:26.999754,Ola,Bangalore,ATM,0
T0999,U001,13365.66,2025-08-20 07:46:26.999754,Myntra,Bangalore,UPI,0
T1000,U004,13371.47,2025-08-18 07:03:26.999754,Flipkart,Indore,Online,0
